Obs. Ids,ObsMode,PropType
1342263847,3,7
1342263846,3,7
1342254465,3,7
1342254464,3,7
1342254463,3,7
1342254462,3,7
1342254461,3,7
1342254460,3,7
1342267757,3,4
1342267756,3,4
1342267755,3,4
1342267754,3,4
1342267746,3,4
1342267727,3,4
1342267726,3,4
1342267725,3,4
1342267724,3,4
1342267715,3,4
1342266671,3,4
1342263853,3,4
1342263852,3,4
1342263845,3,4
1342263844,3,4
1342263843,3,4
1342263842,3,4
1342263841,3,4
1342263840,3,4
1342263839,3,4
1342263838,3,4
1342263818,3,4
1342263817,3,4
1342257387,3,4
1342257386,3,4
1342257385,3,4
1342257384,3,4
1342257383,3,4
1342257382,3,4
1342255062,3,4
1342255061,3,4
1342255060,3,4
1342255011,3,4
1342255010,3,4
1342255009,3,4
1342255007,3,4
1342255006,3,4
1342255005,3,4
1342255004,3,4
1342255003,3,4
1342255002,3,4
1342255042,3,4
1342255041,3,4
1342255040,3,4
1342255039,3,4
1342255038,3,4
1342255037,3,4
1342254659,3,4
1342254658,3,4
1342254657,3,4
1342254656,3,4
1342254655,3,4
1342254654,3,4
1342254653,3,4
1342254652,3,4
1342254637,3,4
1342254636,3,4
1342254635,3,4
1342254634,3,4
1342254633,3,4
1342254632,3,4
1342254512,3,4
1342254511,3,4
1342254510,3,4
1342254509,3,4
1342254508,3,4
1342254507,3,4
1342254064,3,4
1342254063,3,4
1342254062,3,4
1342254061,3,4
1342254060,3,4
1342270223,2,7
1342270220,2,7
1342270216,2,7
1342268369,2,7
1342267752,2,7
1342267751,2,7
1342267744,2,7
1342267742,2,7
1342265405,2,7
1342265404,2,7
1342265403,2,7
1342265402,2,7
1342265400,2,7
1342265399,2,7
1342265398,2,7
1342265395,2,7
1342265394,2,7
1342265391,2,7
1342265390,2,7
1342265380,2,7
1342265378,2,7
1342265377,2,7
1342265376,2,7
1342265375,2,7
1342265374,2,7
1342265373,2,7
1342265372,2,7
1342265367,2,7
1342265366,2,7
1342265362,2,7
1342265360,2,7
1342265359,2,7
1342265354,2,7
1342265353,2,7
1342265341,2,7
1342265336,2,7
1342265334,2,7
1342265331,2,7
1342265327,2,7
1342265326,2,7
1342265325,2,7
1342265287,2,7
1342265286,2,7
1342266682,2,7
1342266674,2,7
1342266664,2,7
1342266663,2,7
1342266661,2,7
1342266659,2,7
1342266647,2,7
1342266634,2,7
1342266619,2,7
1342263858,2,7
1342263857,2,7
1342263855,2,7
1342263854,2,7
1342263849,2,7
1342263848,2,7
1342263807,2,7
1342261701,2,7
1342261693,2,7
1342261692,2,7
1342261690,2,7
1342261689,2,7
1342261688,2,7
1342261667,2,7
1342261644,2,7
1342261637,2,7
1342261636,2,7
1342261634,2,7
1342261633,2,7
1342261631,2,7
1342261630,2,7
1342261628,2,7
1342261627,2,7
1342261626,2,7
1342261625,2,7
1342261621,2,7
1342261614,2,7
1342261592,2,7
1342261591,2,7
1342261589,2,7
1342261588,2,7
1342261586,2,7
1342261585,2,7
1342261584,2,7
1342261582,2,7
1342261581,2,7
1342261580,2,7
1342261577,2,7
1342261574,2,7
1342261573,2,7
1342261570,2,7
1342261565,2,7
1342261564,2,7
1342261556,2,7
1342261551,2,7
1342261547,2,7
1342261529,2,7
1342261528,2,7
1342261505,2,7
1342261504,2,7
1342261502,2,7
1342261498,2,7
1342261491,2,7
1342259478,2,7
1342259472,2,7
1342259470,2,7
1342259469,2,7
1342259458,2,7
1342259457,2,7
1342259454,2,7
1342259450,2,7
1342259447,2,7
1342259443,2,7
1342259434,2,7
1342259432,2,7
1342259430,2,7
1342259428,2,7
1342259414,2,7
1342259411,2,7
1342259404,2,7
1342259402,2,7
1342259389,2,7
1342259388,2,7
1342259387,2,7
1342258427,2,7
1342258399,2,7
1342258391,2,7
1342258388,2,7
1342258379,2,7
1342258377,2,7
1342258376,2,7
1342258374,2,7
1342257377,2,7
1342257376,2,7
1342257375,2,7
1342257374,2,7
1342257367,2,7
1342256893,2,7
1342256890,2,7
1342256885,2,7
1342256883,2,7
1342256877,2,7
1342256873,2,7
1342256847,2,7
1342256843,2,7
1342256841,2,7
1342256837,2,7
1342256819,2,7
1342256816,2,7
1342256814,2,7
1342256813,2,7
1342256812,2,7
1342256810,2,7
1342256808,2,7
1342256797,2,7
1342256753,2,7
1342256745,2,7
1342256744,2,7
1342256743,2,7
1342256736,2,7
1342256734,2,7
1342256730,2,7
1342256729,2,7
1342256724,2,7
1342256705,2,7
1342256703,2,7
1342256695,2,7
1342256694,2,7
1342256692,2,7
1342256676,2,7
1342256659,2,7
1342256656,2,7
1342256646,2,7
1342256643,2,7
1342256641,2,7
1342256637,2,7
1342255228,2,7
1342255211,2,7
1342255208,2,7
1342255190,2,7
1342255185,2,7
1342255172,2,7
1342255164,2,7
1342255120,2,7
1342255113,2,7
1342255100,2,7
1342255091,2,7
1342255064,2,7
1342254640,2,7
1342254638,2,7
1342254505,2,7
1342254504,2,7
1342254503,2,7
1342254495,2,7
1342254467,2,7
1342254058,2,7
1342254051,2,7
1342254091,2,7
1342246623,2,7
1342231352,2,7
1342221902,2,7
1342244163,2,5
1342187525,2,5
1342187524,2,5
1342187523,2,5
1342187522,2,5
1342187320,2,5
1342187319,2,5
1342187262,2,5
1342187261,2,5
1342265328,2,4
1342265322,2,4
1342265321,2,4
1342265320,2,4
1342265319,2,4
1342265318,2,4
1342265315,2,4
1342265313,2,4
1342266690,2,4
1342266689,2,4
1342266687,2,4
1342266665,2,4
1342261663,2,4
1342261661,2,4
1342261660,2,4
1342261657,2,4
1342261488,2,4
1342259408,2,4
1342259407,2,4
1342259406,2,4
1342259405,2,4
1342256690,2,4
1342256689,2,4
1342256688,2,4
1342256687,2,4
1342255146,2,4
1342254643,2,4
1342254642,2,4
1342254641,2,4
1342251963,2,4
1342251955,2,4
1342249252,2,4
1342249237,2,4
1342247255,2,4
1342247254,2,4
1342246579,2,4
1342244179,2,4
1342244143,2,4
1342244197,2,4
1342244196,2,4
1342244193,2,4
1342239977,2,4
1342239931,2,4
1342239930,2,4
1342239908,2,4
1342239898,2,4
1342239815,2,4
1342239793,2,4
1342239787,2,4
1342239773,2,4
1342230844,2,4
1342230843,2,4
1342230842,2,4
1342229675,2,4
1342229674,2,4
1342229605,2,4
1342229186,2,4
1342229182,2,4
1342229180,2,4
1342229177,2,4
1342228347,2,4
1342228346,2,4
1342228345,2,4
1342228342,2,4
1342227737,2,4
1342227730,2,4
1342227729,2,4
1342227726,2,4
1342227725,2,4
1342227710,2,4
1342227708,2,4
1342227707,2,4
1342227693,2,4
1342227692,2,4
1342227691,2,4
1342227690,2,4
1342227648,2,4
1342227647,2,4
1342227646,2,4
1342227645,2,4
1342226979,2,4
1342226976,2,4
1342226627,2,4
1342226626,2,4
1342226625,2,4
1342226642,2,4
1342226633,2,4
1342224972,2,4
1342224970,2,4
1342223259,2,4
1342222896,2,4
1342222895,2,4
1342222894,2,4
1342222845,2,4
1342222831,2,4
1342222830,2,4
1342222829,2,4
1342222828,2,4
1342222827,2,4
1342222599,2,4
1342222598,2,4
1342222137,2,4
1342222136,2,4
1342222116,2,4
1342221461,2,4
1342220869,2,4
1342220862,2,4
1342220622,2,4
1342220621,2,4
1342219988,2,4
1342219987,2,4
1342219986,2,4
1342219982,2,4
1342219974,2,4
1342219971,2,4
1342219970,2,4
1342219969,2,4
1342219958,2,4
1342219957,2,4
1342219956,2,4
1342220525,2,4
1342219633,2,4
1342216953,2,4
1342216952,2,4
1342216951,2,4
1342216950,2,4
1342216949,2,4
1342216948,2,4
1342216945,2,4
1342216944,2,4
1342216943,2,4
1342216942,2,4
1342216941,2,4
1342216940,2,4
1342216936,2,4
1342216935,2,4
1342216934,2,4
1342216933,2,4
1342216932,2,4
1342216931,2,4
1342216930,2,4
1342216927,2,4
1342216926,2,4
1342216925,2,4
1342216923,2,4
1342216922,2,4
1342216921,2,4
1342216920,2,4
1342216919,2,4
1342216918,2,4
1342214758,2,4
1342214757,2,4
1342214702,2,4
1342214701,2,4
1342214700,2,4
1342213494,2,4
1342213486,2,4
1342213480,2,4
1342213473,2,4
1342213457,2,4
1342213456,2,4
1342213455,2,4
1342213454,2,4
1342213453,2,4
1342213452,2,4
1342204952,2,4
1342204951,2,4
1342204950,2,4
1342204850,2,4
1342203631,2,4
1342203625,2,4
1342203617,2,4
1342203616,2,4
1342203615,2,4
1342203610,2,4
1342203609,2,4
1342203607,2,4
1342203561,2,4
1342203075,2,4
1342202205,2,4
1342201447,2,4
1342199366,2,4
1342199364,2,4
1342193795,2,4
1342193794,2,4
1342192685,2,4
1342192100,2,4
1342192094,2,4
1342192093,2,4
1342192092,2,4
1342192091,2,4
1342192090,2,4
1342192089,2,4
1342192088,2,4
1342192076,2,4
1342192075,2,4
1342192074,2,4
1342192073,2,4
1342192072,2,4
1342192071,2,4
1342192070,2,4
1342192068,2,4
1342192067,2,4
1342192066,2,4
1342192065,2,4
1342192064,2,4
1342192063,2,4
1342192062,2,4
1342192061,2,4
1342192060,2,4
1342192059,2,4
1342192057,2,4
1342192056,2,4
1342192055,2,4
1342192054,2,4
1342192053,2,4
1342191191,2,4
1342191190,2,4
1342191189,2,4
1342191188,2,4
1342191187,2,4
1342191185,2,4
1342191184,2,4
1342191182,2,4
1342190663,2,4
1342189703,2,4
1342189516,2,4
1342189515,2,4
1342189514,2,4
1342189513,2,4
1342188689,2,4
1342188688,2,4
1342188162,2,4
1342188094,2,4
1342188093,2,4
1342188092,2,4
1342187655,2,4
1342187654,2,4
1342187653,2,4
1342187652,2,4
1342187721,2,4
1342187720,2,4
1342187719,2,4
1342187718,2,4
1342187527,2,4
1342187526,2,4
1342186128,2,4
1342186127,2,4
1342186126,2,4
1342186115,2,4
1342186113,2,4
1342186112,2,4
1342186111,2,4
1342185535,2,4
1342183680,2,4
1342183678,2,4
1342268342,2,3
1342267737,2,3
1342254065,2,3
1342247258,2,3
1342247253,2,3
1342247252,2,3
1342241089,2,3
1342239921,2,3
1342239803,2,3
1342239792,2,3
1342239777,2,3
1342239283,2,3
1342234826,2,3
1342232368,2,3
1342232367,2,3
1342232358,2,3
1342230788,2,3
1342229111,2,3
1342227746,2,3
1342227744,2,3
1342227738,2,3
1342226636,2,3
1342223256,2,3
1342220526,2,3
1342215999,2,3
1342213492,2,3
1342210873,2,3
1342210570,2,3
1342210517,2,3
1342207040,2,3
1342206689,2,3
1342206202,2,3
1342206201,2,3
1342204949,2,3
1342203637,2,3
1342203612,2,3
1342203608,2,3
1342203604,2,3
1342203603,2,3
1342199389,2,3
1342195955,2,3
1342195939,2,3
1342193791,2,3
1342193786,2,3
1342193007,2,3
1342192099,2,3
1342192058,2,3
1342191183,2,3
1342191181,2,3
1342191180,2,3
1342191177,2,3
1342189519,2,3
1342189432,2,3
1342189431,2,3
1342189423,2,3
1342188665,2,3
1342188662,2,3
1342188657,2,3
1342188590,2,3
1342188578,2,3
1342188182,2,3
1342188178,2,3
1342188168,2,3
1342188166,2,3
1342188164,2,3
1342188161,2,3
1342188160,2,3
1342188158,2,3
1342188157,2,3
1342188155,2,3
1342187327,2,3
1342186861,2,3
1342186293,2,3
1342185534,2,3
1342183682,2,3
1342183681,2,3
1342268362,2,2
1342268331,2,2
1342265371,2,2
1342265370,2,2
1342265369,2,2
1342265368,2,2
1342265357,2,2
1342266684,2,2
1342266652,2,2
1342266651,2,2
1342266650,2,2
1342266649,2,2
1342266632,2,2
1342266631,2,2
1342266630,2,2
1342266629,2,2
1342266628,2,2
1342266627,2,2
1342266626,2,2
1342266625,2,2
1342261647,2,2
1342261640,2,2
1342261638,2,2
1342261635,2,2
1342261629,2,2
1342261620,2,2
1342261619,2,2
1342261609,2,2
1342261601,2,2
1342261600,2,2
1342261587,2,2
1342261562,2,2
1342261561,2,2
1342261555,2,2
1342261535,2,2
1342261531,2,2
1342261519,2,2
1342259476,2,2
1342259448,2,2
1342259441,2,2
1342259440,2,2
1342259425,2,2
1342259424,2,2
1342259423,2,2
1342259422,2,2
1342259421,2,2
1342259413,2,2
1342259393,2,2
1342259390,2,2
1342258412,2,2
1342258411,2,2
1342258410,2,2
1342258409,2,2
1342258398,2,2
1342258397,2,2
1342258396,2,2
1342258395,2,2
1342258394,2,2
1342258393,2,2
1342258390,2,2
1342258352,2,2
1342258351,2,2
1342258350,2,2
1342258349,2,2
1342258348,2,2
1342257372,2,2
1342257362,2,2
1342256899,2,2
1342256879,2,2
1342256861,2,2
1342256860,2,2
1342256859,2,2
1342256858,2,2
1342256857,2,2
1342256848,2,2
1342256811,2,2
1342256751,2,2
1342256717,2,2
1342256714,2,2
1342256702,2,2
1342256673,2,2
1342256672,2,2
1342256671,2,2
1342256670,2,2
1342256669,2,2
1342256642,2,2
1342256632,2,2
1342255227,2,2
1342255207,2,2
1342255180,2,2
1342255169,2,2
1342255127,2,2
1342255106,2,2
1342255105,2,2
1342255097,2,2
1342255094,2,2
1342255081,2,2
1342255080,2,2
1342255079,2,2
1342255078,2,2
1342255077,2,2
1342255026,2,2
1342254477,2,2
1342254053,2,2
1342251947,2,2
1342251946,2,2
1342251945,2,2
1342251944,2,2
1342251943,2,2
1342251942,2,2
1342251941,2,2
1342251940,2,2
1342251939,2,2
1342251938,2,2
1342251937,2,2
1342251936,2,2
1342251935,2,2
1342249251,2,2
1342249250,2,2
1342249249,2,2
1342249248,2,2
1342249247,2,2
1342249244,2,2
1342249243,2,2
1342249242,2,2
1342249105,2,2
1342249103,2,2
1342249101,2,2
1342248500,2,2
1342248499,2,2
1342248498,2,2
1342248497,2,2
1342248496,2,2
1342248495,2,2
1342248494,2,2
1342248493,2,2
1342248492,2,2
1342248491,2,2
1342248488,2,2
1342248487,2,2
1342248486,2,2
1342248485,2,2
1342248484,2,2
1342248483,2,2
1342248480,2,2
1342248479,2,2
1342248478,2,2
1342248477,2,2
1342248476,2,2
1342248004,2,2
1342248003,2,2
1342248002,2,2
1342248001,2,2
1342248000,2,2
1342247998,2,2
1342247997,2,2
1342247996,2,2
1342247995,2,2
1342247994,2,2
1342247993,2,2
1342247891,2,2
1342247890,2,2
1342247889,2,2
1342247888,2,2
1342247887,2,2
1342247877,2,2
1342247876,2,2
1342247875,2,2
1342247874,2,2
1342247873,2,2
1342247872,2,2
1342247871,2,2
1342247870,2,2
1342247869,2,2
1342247861,2,2
1342247860,2,2
1342247859,2,2
1342247282,2,2
1342247281,2,2
1342247280,2,2
1342247279,2,2
1342247278,2,2
1342247267,2,2
1342247266,2,2
1342247265,2,2
1342247264,2,2
1342247263,2,2
1342247241,2,2
1342247225,2,2
1342247224,2,2
1342247223,2,2
1342247220,2,2
1342247219,2,2
1342247218,2,2
1342247217,2,2
1342247216,2,2
1342246632,2,2
1342246631,2,2
1342246630,2,2
1342246629,2,2
1342246628,2,2
1342246627,2,2
1342246626,2,2
1342246625,2,2
1342246624,2,2
1342246592,2,2
1342246591,2,2
1342246590,2,2
1342246580,2,2
1342245920,2,2
1342245551,2,2
1342245548,2,2
1342245547,2,2
1342245517,2,2
1342245512,2,2
1342245511,2,2
1342245510,2,2
1342245432,2,2
1342245431,2,2
1342245430,2,2
1342245429,2,2
1342245425,2,2
1342245424,2,2
1342245423,2,2
1342245422,2,2
1342245421,2,2
1342245414,2,2
1342245413,2,2
1342245412,2,2
1342244148,2,2
1342244147,2,2
1342244146,2,2
1342244145,2,2
1342244144,2,2
1342241166,2,2
1342241155,2,2
1342241154,2,2
1342241153,2,2
1342241150,2,2
1342241149,2,2
1342241148,2,2
1342241147,2,2
1342241146,2,2
1342241145,2,2
1342241144,2,2
1342241143,2,2
1342241142,2,2
1342241141,2,2
1342241139,2,2
1342241138,2,2
1342241137,2,2
1342241136,2,2
1342241135,2,2
1342241121,2,2
1342241120,2,2
1342241119,2,2
1342241118,2,2
1342241117,2,2
1342241115,2,2
1342241114,2,2
1342241099,2,2
1342241098,2,2
1342241097,2,2
1342241096,2,2
1342241095,2,2
1342241085,2,2
1342241084,2,2
1342241083,2,2
1342241082,2,2
1342241081,2,2
1342241080,2,2
1342241079,2,2
1342241078,2,2
1342241077,2,2
1342241076,2,2
1342240106,2,2
1342240089,2,2
1342240084,2,2
1342240073,2,2
1342240068,2,2
1342240029,2,2
1342239975,2,2
1342239974,2,2
1342239973,2,2
1342239972,2,2
1342239971,2,2
1342239970,2,2
1342239969,2,2
1342239968,2,2
1342239964,2,2
1342239960,2,2
1342239959,2,2
1342239958,2,2
1342239957,2,2
1342239956,2,2
1342239955,2,2
1342239954,2,2
1342239953,2,2
1342239952,2,2
1342239951,2,2
1342239879,2,2
1342239872,2,2
1342239870,2,2
1342239865,2,2
1342239864,2,2
1342239862,2,2
1342239811,2,2
1342239810,2,2
1342239809,2,2
1342239808,2,2
1342239807,2,2
1342239806,2,2
1342239805,2,2
1342239804,2,2
1342238251,2,2
1342237563,2,2
1342237553,2,2
1342237550,2,2
1342237530,2,2
1342237529,2,2
1342237528,2,2
1342237527,2,2
1342237526,2,2
1342236240,2,2
1342236234,2,2
1342236232,2,2
1342236185,2,2
1342236184,2,2
1342236183,2,2
1342236182,2,2
1342236181,2,2
1342234749,2,2
1342234704,2,2
1342234703,2,2
1342234702,2,2
1342234701,2,2
1342234700,2,2
1342232365,2,2
1342232364,2,2
1342232363,2,2
1342232362,2,2
1342232361,2,2
1342232360,2,2
1342232359,2,2
1342227653,2,2
1342227652,2,2
1342227651,2,2
1342227650,2,2
1342227649,2,2
1342222901,2,2
1342222900,2,2
1342222899,2,2
1342222898,2,2
1342222897,2,2
1342222880,2,2
1342222879,2,2
1342222854,2,2
1342222853,2,2
1342222852,2,2
1342222851,2,2
1342222850,2,2
1342222849,2,2
1342222848,2,2
1342222847,2,2
1342222846,2,2
1342222826,2,2
1342222825,2,2
1342222824,2,2
1342222823,2,2
1342222822,2,2
1342222821,2,2
1342222820,2,2
1342222819,2,2
1342222596,2,2
1342222595,2,2
1342222594,2,2
1342222593,2,2
1342222591,2,2
1342222590,2,2
1342222589,2,2
1342222588,2,2
1342222124,2,2
1342222123,2,2
1342222122,2,2
1342222120,2,2
1342218684,2,2
1342218683,2,2
1342218682,2,2
1342218681,2,2
1342218680,2,2
1342212373,2,2
1342211611,2,2
1342210877,2,2
1342210530,2,2
1342210526,2,2
1342210499,2,2
1342206182,2,2
1342202199,2,2
1342201310,2,2
1342201309,2,2
1342201308,2,2
1342201307,2,2
1342201306,2,2
1342201305,2,2
1342201304,2,2
1342201303,2,2
1342201302,2,2
1342201301,2,2
1342201300,2,2
1342201299,2,2
1342201298,2,2
1342201297,2,2
1342201296,2,2
1342201295,2,2
1342201294,2,2
1342201293,2,2
1342201292,2,2
1342201291,2,2
1342201290,2,2
1342201289,2,2
1342201288,2,2
1342201287,2,2
1342201286,2,2
1342201285,2,2
1342201284,2,2
1342201283,2,2
1342201282,2,2
1342201281,2,2
1342201280,2,2
1342201279,2,2
1342201278,2,2
1342201277,2,2
1342201276,2,2
1342201275,2,2
1342201274,2,2
1342201273,2,2
1342201272,2,2
1342201271,2,2
1342201270,2,2
1342201269,2,2
1342201268,2,2
1342201267,2,2
1342201266,2,2
1342201265,2,2
1342201491,2,2
1342201490,2,2
1342201489,2,2
1342201488,2,2
1342201487,2,2
1342201486,2,2
1342201485,2,2
1342201444,2,2
1342201443,2,2
1342201442,2,2
1342201441,2,2
1342201440,2,2
1342201439,2,2
1342201438,2,2
1342201437,2,2
1342201431,2,2
1342201430,2,2
1342201429,2,2
1342201428,2,2
1342201427,2,2
1342201426,2,2
1342201425,2,2
1342201424,2,2
1342201423,2,2
1342201422,2,2
1342201421,2,2
1342201420,2,2
1342201419,2,2
1342201418,2,2
1342201417,2,2
1342201416,2,2
1342201414,2,2
1342201413,2,2
1342201412,2,2
1342201411,2,2
1342201410,2,2
1342201409,2,2
1342201408,2,2
1342201407,2,2
1342201406,2,2
1342201405,2,2
1342201404,2,2
1342201403,2,2
1342201402,2,2
1342201401,2,2
1342201400,2,2
1342201399,2,2
1342201398,2,2
1342201397,2,2
1342201396,2,2
1342201395,2,2
1342201394,2,2
1342201393,2,2
1342201392,2,2
1342201391,2,2
1342201373,2,2
1342201372,2,2
1342201371,2,2
1342201370,2,2
1342201369,2,2
1342201368,2,2
1342201367,2,2
1342201366,2,2
1342200239,2,2
1342199789,2,2
1342199788,2,2
1342199787,2,2
1342199786,2,2
1342199785,2,2
1342198893,2,2
1342198892,2,2
1342198891,2,2
1342198890,2,2
1342198889,2,2
1342198888,2,2
1342198887,2,2
1342198886,2,2
1342196664,2,2
1342196663,2,2
1342196662,2,2
1342196661,2,2
1342196660,2,2
1342195953,2,2
1342195952,2,2
1342195951,2,2
1342195950,2,2
1342195949,2,2
1342195948,2,2
1342195947,2,2
1342195863,2,2
1342195862,2,2
1342195861,2,2
1342195860,2,2
1342195859,2,2
1342195858,2,2
1342195857,2,2
1342195856,2,2
1342195725,2,2
1342195724,2,2
1342195719,2,2
1342195718,2,2
1342195717,2,2
1342195716,2,2
1342195321,2,2
1342195320,2,2
1342195319,2,2
1342195318,2,2
1342195317,2,2
1342195316,2,2
1342195315,2,2
1342195314,2,2
1342195313,2,2
1342195312,2,2
1342195311,2,2
1342195310,2,2
1342195281,2,2
1342195280,2,2
1342195279,2,2
1342195278,2,2
1342195277,2,2
1342195276,2,2
1342195275,2,2
1342195274,2,2
1342195273,2,2
1342195272,2,2
1342195271,2,2
1342195270,2,2
1342195269,2,2
1342195268,2,2
1342195267,2,2
1342195266,2,2
1342195265,2,2
1342195264,2,2
1342195263,2,2
1342195262,2,2
1342191176,2,2
1342191175,2,2
1342191174,2,2
1342191173,2,2
1342191172,2,2
1342191171,2,2
1342191170,2,2
1342191169,2,2
1342191168,2,2
1342191167,2,2
1342191166,2,2
1342191165,2,2
1342191164,2,2
1342191163,2,2
1342191162,2,2
1342191161,2,2
1342191160,2,2
1342191159,2,2
1342191158,2,2
1342190300,2,2
1342190299,2,2
1342190298,2,2
1342190297,2,2
1342190296,2,2
1342190295,2,2
1342190294,2,2
1342189884,2,2
1342186125,2,2
1342186110,2,2
1342186109,2,2
1342186108,2,2
1342185536,2,2
1342183679,2,2
1342270219,2,1
1342270218,2,1
1342270209,2,1
1342268363,2,1
1342268330,2,1
1342266677,2,1
1342266645,2,1
1342261718,2,1
1342261714,2,1
1342261706,2,1
1342261569,2,1
1342261563,2,1
1342261494,2,1
1342259462,2,1
1342259379,2,1
1342258361,2,1
1342256881,2,1
1342256876,2,1
1342256874,2,1
1342256851,2,1
1342256821,2,1
1342256738,2,1
1342255183,2,1
1342255156,2,1
1342255153,2,1
1342254630,2,1
1342254629,2,1
1342254519,2,1
1342254097,2,1
1342249109,2,1
1342249104,2,1
1342247973,2,1
1342247883,2,1
1342247882,2,1
1342247248,2,1
1342247245,2,1
1342247243,2,1
1342246587,2,1
1342245579,2,1
1342245550,2,1
1342245532,2,1
1342245438,2,1
1342240034,2,1
1342238267,2,1
1342237533,2,1
1342236140,2,1
1342234699,2,1
1342234921,2,1
1342234883,2,1
1342230853,2,1
1342230828,2,1
1342230766,2,1
1342229477,2,1
1342227742,2,1
1342227731,2,1
1342226629,2,1
1342222885,2,1
1342222884,2,1
1342222883,2,1
1342222841,2,1
1342222840,2,1
1342222839,2,1
1342221932,2,1
1342221916,2,1
1342216009,2,1
1342213489,2,1
1342210882,2,1
1342210531,2,1
1342210528,2,1
1342210524,2,1
1342210500,2,1
1342209315,2,1
1342209312,2,1
1342209304,2,1
1342209297,2,1
1342209288,2,1
1342209286,2,1
1342209285,2,1
1342207039,2,1
1342206223,2,1
1342206213,2,1
1342206191,2,1
1342206184,2,1
1342206181,2,1
1342205086,2,1
1342204969,2,1
1342204968,2,1
1342204967,2,1
1342203638,2,1
1342203633,2,1
1342203605,2,1
1342203599,2,1
1342203590,2,1
1342203586,2,1
1342203564,2,1
1342203079,2,1
1342203078,2,1
1342201321,2,1
1342201229,2,1
1342201222,2,1
1342201221,2,1
1342201219,2,1
1342201147,2,1
1342201145,2,1
1342201144,2,1
1342201143,2,1
1342201142,2,1
1342201450,2,1
1342201449,2,1
1342201448,2,1
1342201446,2,1
1342201445,2,1
1342201436,2,1
1342201415,2,1
1342201379,2,1
1342201365,2,1
1342201364,2,1
1342200130,2,1
1342199387,2,1
1342199385,2,1
1342199344,2,1
1342199342,2,1
1342199340,2,1
1342199336,2,1
1342199332,2,1
1342199331,2,1
1342199316,2,1
1342199310,2,1
1342199309,2,1
1342198885,2,1
1342198883,2,1
1342198870,2,1
1342198869,2,1
1342198576,2,1
1342198568,2,1
1342198243,2,1
1342198241,2,1
1342198240,2,1
1342198450,2,1
1342197319,2,1
1342197318,2,1
1342197310,2,1
1342197287,2,1
1342196888,2,1
1342196668,2,1
1342195968,2,1
1342195963,2,1
1342195962,2,1
1342195960,2,1
1342195959,2,1
1342195958,2,1
1342195956,2,1
1342195946,2,1
1342195943,2,1
1342195942,2,1
1342195941,2,1
1342195938,2,1
1342195753,2,1
1342195752,2,1
1342195726,2,1
1342195710,2,1
1342195686,2,1
1342193798,2,1
1342193797,2,1
1342193796,2,1
1342193017,2,1
1342193016,2,1
1342193015,2,1
1342193014,2,1
1342193013,2,1
1342193012,2,1
1342193011,2,1
1342192107,2,1
1342192106,2,1
1342192105,2,1
1342192087,2,1
1342192086,2,1
1342192085,2,1
1342191186,2,1
1342191179,2,1
1342191178,2,1
1342189883,2,1
1342189533,2,1
1342189532,2,1
1342189520,2,1
1342189518,2,1
1342189517,2,1
1342189510,2,1
1342189509,2,1
1342189508,2,1
1342189507,2,1
1342189506,2,1
1342189505,2,1
1342189504,2,1
1342189503,2,1
1342189456,2,1
1342189455,2,1
1342189454,2,1
1342189453,2,1
1342189452,2,1
1342189451,2,1
1342189450,2,1
1342189449,2,1
1342189448,2,1
1342189447,2,1
1342189446,2,1
1342189445,2,1
1342189444,2,1
1342189443,2,1
1342189442,2,1
1342189441,2,1
1342189440,2,1
1342189439,2,1
1342189438,2,1
1342189437,2,1
1342189436,2,1
1342189435,2,1
1342189434,2,1
1342189433,2,1
1342189430,2,1
1342189429,2,1
1342189428,2,1
1342189427,2,1
1342189426,2,1
1342189425,2,1
1342189424,2,1
1342189422,2,1
1342189421,2,1
1342188826,2,1
1342188825,2,1
1342188824,2,1
1342188823,2,1
1342188822,2,1
1342188821,2,1
1342188820,2,1
1342188819,2,1
1342188818,2,1
1342188817,2,1
1342188816,2,1
1342188815,2,1
1342188814,2,1
1342188813,2,1
1342188812,2,1
1342188811,2,1
1342188810,2,1
1342188809,2,1
1342188808,2,1
1342188807,2,1
1342188806,2,1
1342188805,2,1
1342188804,2,1
1342188803,2,1
1342188802,2,1
1342188801,2,1
1342188800,2,1
1342188799,2,1
1342188798,2,1
1342188797,2,1
1342188796,2,1
1342188795,2,1
1342188794,2,1
1342188793,2,1
1342188792,2,1
1342188791,2,1
1342188790,2,1
1342188789,2,1
1342188788,2,1
1342188787,2,1
1342188786,2,1
1342188785,2,1
1342188784,2,1
1342188783,2,1
1342188782,2,1
1342188781,2,1
1342188780,2,1
1342188779,2,1
1342188778,2,1
1342188777,2,1
1342188776,2,1
1342188775,2,1
1342188774,2,1
1342188773,2,1
1342188772,2,1
1342188771,2,1
1342188770,2,1
1342188769,2,1
1342188768,2,1
1342188767,2,1
1342188766,2,1
1342188765,2,1
1342188764,2,1
1342188763,2,1
1342188762,2,1
1342188761,2,1
1342188760,2,1
1342188759,2,1
1342188758,2,1
1342188757,2,1
1342188756,2,1
1342188755,2,1
1342188754,2,1
1342188753,2,1
1342188752,2,1
1342188751,2,1
1342188750,2,1
1342188749,2,1
1342188687,2,1
1342188686,2,1
1342188664,2,1
1342188663,2,1
1342188661,2,1
1342188660,2,1
1342188659,2,1
1342188658,2,1
1342188589,2,1
1342188588,2,1
1342188587,2,1
1342188586,2,1
1342188585,2,1
1342188584,2,1
1342188583,2,1
1342188582,2,1
1342188581,2,1
1342188580,2,1
1342188579,2,1
1342188181,2,1
1342188180,2,1
1342188179,2,1
1342188167,2,1
1342188165,2,1
1342188163,2,1
1342188159,2,1
1342188156,2,1
1342187717,2,1
1342187716,2,1
1342187715,2,1
1342187329,2,1
1342187326,2,1
1342187325,2,1
1342187324,2,1
1342187323,2,1
1342187322,2,1
1342187321,2,1
1342187263,2,1
1342187186,2,1
1342187185,2,1
1342187184,2,1
1342187175,2,1
1342187174,2,1
1342187173,2,1
1342186862,2,1
1342186116,2,1
1342186114,2,1
1342185539,2,1
1342185538,2,1
1342185537,2,1
1342185533,2,1
1342183677,2,1
1342267741,1,7
1342267739,1,7
1342265381,1,7
1342265365,1,7
1342265364,1,7
1342265363,1,7
1342265361,1,7
1342266658,1,7
1342266657,1,7
1342266648,1,7
1342266644,1,7
1342266642,1,7
1342266639,1,7
1342266638,1,7
1342266637,1,7
1342266636,1,7
1342266624,1,7
1342266623,1,7
1342266622,1,7
1342266620,1,7
1342266618,1,7
1342261672,1,7
1342261665,1,7
1342261656,1,7
1342261645,1,7
1342259409,1,7
1342259397,1,7
1342259394,1,7
1342258426,1,7
1342258425,1,7
1342258413,1,7
1342258401,1,7
1342258392,1,7
1342258387,1,7
1342258386,1,7
1342258385,1,7
1342258384,1,7
1342258383,1,7
1342258382,1,7
1342258381,1,7
1342258380,1,7
1342258370,1,7
1342256798,1,7
1342256742,1,7
1342256740,1,7
1342256725,1,7
1342256693,1,7
1342255145,1,7
1342255144,1,7
1342255143,1,7
1342255142,1,7
1342255141,1,7
1342255140,1,7
1342255139,1,7
1342255085,1,7
1342254513,1,7
1342254066,1,7
1342253432,1,7
1342253431,1,7
1342251962,1,7
1342251952,1,7
1342236258,1,7
1342224022,1,7
1342261695,1,6
1342258360,1,6
1342257358,1,6
1342256625,1,6
1342255229,1,6
1342255128,1,6
1342255017,1,6
1342255050,1,6
1342254665,1,6
1342254649,1,6
1342254527,1,6
1342254493,1,6
1342254486,1,6
1342254075,1,6
1342254107,1,6
1342247978,1,6
1342237513,1,6
1342234914,1,6
1342224973,1,6
1342224023,1,6
1342221469,1,6
1342218971,1,6
1342212423,1,6
1342212404,1,6
1342212376,1,6
1342212290,1,6
1342211610,1,6
1342211600,1,6
1342211402,1,6
1342211365,1,6
1342210920,1,6
1342210915,1,6
1342210905,1,6
1342210871,1,6
1342210571,1,6
1342210538,1,6
1342250783,1,5
1342240318,1,5
1342240315,1,5
1342240277,1,5
1342241158,1,5
1342241087,1,5
1342240025,1,5
1342239979,1,5
1342239900,1,5
1342239786,1,5
1342236257,1,5
1342236129,1,5
1342231842,1,5
1342230849,1,5
1342228351,1,5
1342227654,1,5
1342227472,1,5
1342212414,1,5
1342212413,1,5
1342212405,1,5
1342212360,1,5
1342207036,1,5
1342206686,1,5
1342204957,1,5
1342203285,1,5
1342203092,1,5
1342202219,1,5
1342202212,1,5
1342201324,1,5
1342201255,1,5
1342201146,1,5
1342201135,1,5
1342201382,1,5
1342200204,1,5
1342198251,1,5
1342198451,1,5
1342198449,1,5
1342195675,1,5
1342195665,1,5
1342268326,1,4
1342265330,1,4
1342265316,1,4
1342255148,1,4
1342255087,1,4
1342253396,1,4
1342246618,1,4
1342246602,1,4
1342245152,1,4
1342245134,1,4
1342245133,1,4
1342244856,1,4
1342244164,1,4
1342244195,1,4
1342241160,1,4
1342241159,1,4
1342241157,1,4
1342239978,1,4
1342239949,1,4
1342239947,1,4
1342239945,1,4
1342239909,1,4
1342239899,1,4
1342239897,1,4
1342239826,1,4
1342239825,1,4
1342239824,1,4
1342239797,1,4
1342239796,1,4
1342239268,1,4
1342239267,1,4
1342238299,1,4
1342238283,1,4
1342238269,1,4
1342238253,1,4
1342237558,1,4
1342237547,1,4
1342237546,1,4
1342236220,1,4
1342236142,1,4
1342234728,1,4
1342234923,1,4
1342234841,1,4
1342233331,1,4
1342230846,1,4
1342230845,1,4
1342230797,1,4
1342230793,1,4
1342230792,1,4
1342230790,1,4
1342230776,1,4
1342230769,1,4
1342229666,1,4
1342229659,1,4
1342229654,1,4
1342229627,1,4
1342229606,1,4
1342229492,1,4
1342229202,1,4
1342229179,1,4
1342229172,1,4
1342229166,1,4
1342229125,1,4
1342229116,1,4
1342229104,1,4
1342220631,1,4
1342220630,1,4
1342220629,1,4
1342219973,1,4
1342218990,1,4
1342216003,1,4
1342214752,1,4
1342213199,1,4
1342213194,1,4
1342211601,1,4
1342211596,1,4
1342211595,1,4
1342211357,1,4
1342211353,1,4
1342211352,1,4
1342211305,1,4
1342211304,1,4
1342203636,1,4
1342203635,1,4
1342203634,1,4
1342203630,1,4
1342203624,1,4
1342203623,1,4
1342203622,1,4
1342203621,1,4
1342203620,1,4
1342203619,1,4
1342203618,1,4
1342203611,1,4
1342203576,1,4
1342203575,1,4
1342203574,1,4
1342203573,1,4
1342203572,1,4
1342203571,1,4
1342203570,1,4
1342203569,1,4
1342203568,1,4
1342203567,1,4
1342203566,1,4
1342203565,1,4
1342203563,1,4
1342203090,1,4
1342203074,1,4
1342203073,1,4
1342202256,1,4
1342202222,1,4
1342202214,1,4
1342202213,1,4
1342200128,1,4
1342200127,1,4
1342195987,1,4
1342192101,1,4
1342270328,1,3
1342270327,1,3
1342268405,1,3
1342268403,1,3
1342268402,1,3
1342268392,1,3
1342268391,1,3
1342268390,1,3
1342268389,1,3
1342268388,1,3
1342268387,1,3
1342268386,1,3
1342268385,1,3
1342268384,1,3
1342268383,1,3
1342268382,1,3
1342268381,1,3
1342268380,1,3
1342268379,1,3
1342268378,1,3
1342268377,1,3
1342268375,1,3
1342268347,1,3
1342268346,1,3
1342268332,1,3
1342268328,1,3
1342268325,1,3
1342268324,1,3
1342267750,1,3
1342267749,1,3
1342267740,1,3
1342267736,1,3
1342265389,1,3
1342265329,1,3
1342265323,1,3
1342265317,1,3
1342265314,1,3
1342265312,1,3
1342265311,1,3
1342265310,1,3
1342265309,1,3
1342265308,1,3
1342265307,1,3
1342265306,1,3
1342265305,1,3
1342265304,1,3
1342265303,1,3
1342265302,1,3
1342265301,1,3
1342265300,1,3
1342265299,1,3
1342265298,1,3
1342265297,1,3
1342265296,1,3
1342265295,1,3
1342265293,1,3
1342265292,1,3
1342265291,1,3
1342265290,1,3
1342265289,1,3
1342265288,1,3
1342266706,1,3
1342266705,1,3
1342266704,1,3
1342266703,1,3
1342266702,1,3
1342266701,1,3
1342266700,1,3
1342266699,1,3
1342266698,1,3
1342266697,1,3
1342266696,1,3
1342266695,1,3
1342266694,1,3
1342266693,1,3
1342266692,1,3
1342266691,1,3
1342266688,1,3
1342266686,1,3
1342266667,1,3
1342266641,1,3
1342261697,1,3
1342261662,1,3
1342261659,1,3
1342261658,1,3
1342261622,1,3
1342261493,1,3
1342261492,1,3
1342261489,1,3
1342259401,1,3
1342259399,1,3
1342257366,1,3
1342257365,1,3
1342257364,1,3
1342256842,1,3
1342256807,1,3
1342256806,1,3
1342256805,1,3
1342256802,1,3
1342256747,1,3
1342256686,1,3
1342255149,1,3
1342255147,1,3
1342255084,1,3
1342255083,1,3
1342255008,1,3
1342255044,1,3
1342255043,1,3
1342254468,1,3
1342254466,1,3
1342253397,1,3
1342251966,1,3
1342250818,1,3
1342249259,1,3
1342249107,1,3
1342247969,1,3
1342247272,1,3
1342247269,1,3
1342247268,1,3
1342247262,1,3
1342247259,1,3
1342247257,1,3
1342247256,1,3
1342247251,1,3
1342247250,1,3
1342247249,1,3
1342247247,1,3
1342247246,1,3
1342247244,1,3
1342247233,1,3
1342247229,1,3
1342247212,1,3
1342247211,1,3
1342246608,1,3
1342246599,1,3
1342246586,1,3
1342246573,1,3
1342245915,1,3
1342245578,1,3
1342245566,1,3
1342245531,1,3
1342245523,1,3
1342244153,1,3
1342244201,1,3
1342240312,1,3
1342240311,1,3
1342240310,1,3
1342240309,1,3
1342240308,1,3
1342240307,1,3
1342240306,1,3
1342240305,1,3
1342240304,1,3
1342240303,1,3
1342240302,1,3
1342240301,1,3
1342240300,1,3
1342240299,1,3
1342240298,1,3
1342240297,1,3
1342240296,1,3
1342240295,1,3
1342240294,1,3
1342240293,1,3
1342240292,1,3
1342240291,1,3
1342240290,1,3
1342240289,1,3
1342240288,1,3
1342240287,1,3
1342240286,1,3
1342240285,1,3
1342240284,1,3
1342240283,1,3
1342240281,1,3
1342241140,1,3
1342241134,1,3
1342241133,1,3
1342241132,1,3
1342241131,1,3
1342241130,1,3
1342241129,1,3
1342241127,1,3
1342241126,1,3
1342241090,1,3
1342241086,1,3
1342240036,1,3
1342240033,1,3
1342240026,1,3
1342240006,1,3
1342240005,1,3
1342240004,1,3
1342240001,1,3
1342240000,1,3
1342239999,1,3
1342239998,1,3
1342239997,1,3
1342239996,1,3
1342239995,1,3
1342239994,1,3
1342239993,1,3
1342239992,1,3
1342239942,1,3
1342239925,1,3
1342239922,1,3
1342239920,1,3
1342239919,1,3
1342239918,1,3
1342239917,1,3
1342239916,1,3
1342239915,1,3
1342239914,1,3
1342239913,1,3
1342239912,1,3
1342239911,1,3
1342239910,1,3
1342239907,1,3
1342239906,1,3
1342239905,1,3
1342239904,1,3
1342239903,1,3
1342239902,1,3
1342239896,1,3
1342239894,1,3
1342239893,1,3
1342239892,1,3
1342239889,1,3
1342239888,1,3
1342239887,1,3
1342239886,1,3
1342239816,1,3
1342239802,1,3
1342239791,1,3
1342239790,1,3
1342239788,1,3
1342239781,1,3
1342238297,1,3
1342238289,1,3
1342237504,1,3
1342237503,1,3
1342236250,1,3
1342236226,1,3
1342236211,1,3
1342236210,1,3
1342236155,1,3
1342234744,1,3
1342234735,1,3
1342234689,1,3
1342234928,1,3
1342234927,1,3
1342234926,1,3
1342234925,1,3
1342234924,1,3
1342234917,1,3
1342234850,1,3
1342234839,1,3
1342234825,1,3
1342234823,1,3
1342234816,1,3
1342234791,1,3
1342233326,1,3
1342233322,1,3
1342231351,1,3
1342231346,1,3
1342231334,1,3
1342230851,1,3
1342230848,1,3
1342230841,1,3
1342230840,1,3
1342230839,1,3
1342230832,1,3
1342230820,1,3
1342230818,1,3
1342230805,1,3
1342230802,1,3
1342230795,1,3
1342230777,1,3
1342230765,1,3
1342230743,1,3
1342229677,1,3
1342229644,1,3
1342229624,1,3
1342229623,1,3
1342229608,1,3
1342229577,1,3
1342229509,1,3
1342229466,1,3
1342229226,1,3
1342229208,1,3
1342229206,1,3
1342229205,1,3
1342229197,1,3
1342229195,1,3
1342229194,1,3
1342229184,1,3
1342229183,1,3
1342229181,1,3
1342229178,1,3
1342229108,1,3
1342229107,1,3
1342228343,1,3
1342227728,1,3
1342227727,1,3
1342226969,1,3
1342226967,1,3
1342226639,1,3
1342226634,1,3
1342224981,1,3
1342224968,1,3
1342223262,1,3
1342223261,1,3
1342223260,1,3
1342223257,1,3
1342222905,1,3
1342222904,1,3
1342222903,1,3
1342222844,1,3
1342222843,1,3
1342222832,1,3
1342222606,1,3
1342222605,1,3
1342222139,1,3
1342222138,1,3
1342222135,1,3
1342222133,1,3
1342222128,1,3
1342221918,1,3
1342221912,1,3
1342220835,1,3
1342220646,1,3
1342220645,1,3
1342220644,1,3
1342220643,1,3
1342220633,1,3
1342219985,1,3
1342219984,1,3
1342219983,1,3
1342219975,1,3
1342219972,1,3
1342219968,1,3
1342219959,1,3
1342219949,1,3
1342216938,1,3
1342216008,1,3
1342216002,1,3
1342216001,1,3
1342215998,1,3
1342215997,1,3
1342214759,1,3
1342214716,1,3
1342214703,1,3
1342214556,1,3
1342214553,1,3
1342213493,1,3
1342213481,1,3
1342213475,1,3
1342213474,1,3
1342213451,1,3
1342212429,1,3
1342212428,1,3
1342212427,1,3
1342212426,1,3
1342212425,1,3
1342212424,1,3
1342212422,1,3
1342212421,1,3
1342212420,1,3
1342212417,1,3
1342212416,1,3
1342212412,1,3
1342212411,1,3
1342212293,1,3
1342211413,1,3
1342211412,1,3
1342211411,1,3
1342211410,1,3
1342211409,1,3
1342211408,1,3
1342211407,1,3
1342211406,1,3
1342211405,1,3
1342211364,1,3
1342211358,1,3
1342211356,1,3
1342211355,1,3
1342211354,1,3
1342211351,1,3
1342211350,1,3
1342211349,1,3
1342211348,1,3
1342210944,1,3
1342210943,1,3
1342210942,1,3
1342210941,1,3
1342210940,1,3
1342210939,1,3
1342210938,1,3
1342210937,1,3
1342210936,1,3
1342210935,1,3
1342210548,1,3
1342210532,1,3
1342210525,1,3
1342210513,1,3
1342210504,1,3
1342210496,1,3
1342209303,1,3
1342209302,1,3
1342209300,1,3
1342206207,1,3
1342206206,1,3
1342206205,1,3
1342204956,1,3
1342204948,1,3
1342204947,1,3
1342204851,1,3
1342204066,1,3
1342203629,1,3
1342203593,1,3
1342203588,1,3
1342198192,1,3
1342198448,1,3
1342195715,1,3
1342195687,1,3
1342195679,1,3
1342195666,1,3
1342193793,1,3
1342193792,1,3
1342270316,1,2
1342270308,1,2
1342270304,1,2
1342270289,1,2
1342270271,1,2
1342270263,1,2
1342270213,1,2
1342268401,1,2
1342266655,1,2
1342266654,1,2
1342266643,1,2
1342263806,1,2
1342261708,1,2
1342261681,1,2
1342261678,1,2
1342261677,1,2
1342261655,1,2
1342261654,1,2
1342261653,1,2
1342261652,1,2
1342261651,1,2
1342261650,1,2
1342261649,1,2
1342261648,1,2
1342261646,1,2
1342261643,1,2
1342261642,1,2
1342261611,1,2
1342261608,1,2
1342261605,1,2
1342261590,1,2
1342261568,1,2
1342261567,1,2
1342261553,1,2
1342261544,1,2
1342261542,1,2
1342261530,1,2
1342261526,1,2
1342261523,1,2
1342261518,1,2
1342259467,1,2
1342259466,1,2
1342259459,1,2
1342259438,1,2
1342259416,1,2
1342259412,1,2
1342259403,1,2
1342259400,1,2
1342259398,1,2
1342259396,1,2
1342259395,1,2
1342259392,1,2
1342259382,1,2
1342259380,1,2
1342259378,1,2
1342259375,1,2
1342259374,1,2
1342259373,1,2
1342258424,1,2
1342258423,1,2
1342258422,1,2
1342258421,1,2
1342258420,1,2
1342258419,1,2
1342258418,1,2
1342258417,1,2
1342258416,1,2
1342258415,1,2
1342258414,1,2
1342258408,1,2
1342258407,1,2
1342258406,1,2
1342258405,1,2
1342258404,1,2
1342258403,1,2
1342258402,1,2
1342258400,1,2
1342258371,1,2
1342258368,1,2
1342258367,1,2
1342258366,1,2
1342258365,1,2
1342258364,1,2
1342258362,1,2
1342258356,1,2
1342258354,1,2
1342258353,1,2
1342256894,1,2
1342256878,1,2
1342256866,1,2
1342256840,1,2
1342256839,1,2
1342256836,1,2
1342256828,1,2
1342256823,1,2
1342256818,1,2
1342256796,1,2
1342256794,1,2
1342256792,1,2
1342256750,1,2
1342256749,1,2
1342256732,1,2
1342256731,1,2
1342256728,1,2
1342256727,1,2
1342256726,1,2
1342256723,1,2
1342256722,1,2
1342256721,1,2
1342256720,1,2
1342256719,1,2
1342256718,1,2
1342256716,1,2
1342256715,1,2
1342256713,1,2
1342256712,1,2
1342256711,1,2
1342256710,1,2
1342256709,1,2
1342256708,1,2
1342256707,1,2
1342256706,1,2
1342256704,1,2
1342256701,1,2
1342256700,1,2
1342256699,1,2
1342256698,1,2
1342256697,1,2
1342256696,1,2
1342256691,1,2
1342256666,1,2
1342256662,1,2
1342256651,1,2
1342256650,1,2
1342256648,1,2
1342255219,1,2
1342255209,1,2
1342255197,1,2
1342255191,1,2
1342255184,1,2
1342255171,1,2
1342255138,1,2
1342255122,1,2
1342255121,1,2
1342255112,1,2
1342255109,1,2
1342255107,1,2
1342255096,1,2
1342255095,1,2
1342255092,1,2
1342255071,1,2
1342255070,1,2
1342255069,1,2
1342255068,1,2
1342255066,1,2
1342255065,1,2
1342255035,1,2
1342255034,1,2
1342255033,1,2
1342255032,1,2
1342255029,1,2
1342254660,1,2
1342254639,1,2
1342254518,1,2
1342254514,1,2
1342254498,1,2
1342254497,1,2
1342254496,1,2
1342254478,1,2
1342254475,1,2
1342254472,1,2
1342254056,1,2
1342254054,1,2
1342254098,1,2
1342253422,1,2
1342253414,1,2
1342253409,1,2
1342253407,1,2
1342253401,1,2
1342253383,1,2
1342253382,1,2
1342251934,1,2
1342251925,1,2
1342251919,1,2
1342251906,1,2
1342251902,1,2
1342249260,1,2
1342249256,1,2
1342249255,1,2
1342249238,1,2
1342249235,1,2
1342249106,1,2
1342249100,1,2
1342249099,1,2
1342249098,1,2
1342247985,1,2
1342247984,1,2
1342247983,1,2
1342247982,1,2
1342247981,1,2
1342247976,1,2
1342247974,1,2
1342247972,1,2
1342247971,1,2
1342247970,1,2
1342247962,1,2
1342247958,1,2
1342247893,1,2
1342247878,1,2
1342247867,1,2
1342247866,1,2
1342247865,1,2
1342247864,1,2
1342247863,1,2
1342247275,1,2
1342247273,1,2
1342247261,1,2
1342246622,1,2
1342246612,1,2
1342246611,1,2
1342246609,1,2
1342246604,1,2
1342246600,1,2
1342245919,1,2
1342245918,1,2
1342245917,1,2
1342245916,1,2
1342245914,1,2
1342245913,1,2
1342245570,1,2
1342245564,1,2
1342245561,1,2
1342245556,1,2
1342245555,1,2
1342245552,1,2
1342245549,1,2
1342245546,1,2
1342245545,1,2
1342245544,1,2
1342245543,1,2
1342245542,1,2
1342245541,1,2
1342245540,1,2
1342245539,1,2
1342245538,1,2
1342245537,1,2
1342245536,1,2
1342245535,1,2
1342245534,1,2
1342245533,1,2
1342245530,1,2
1342245529,1,2
1342245528,1,2
1342245527,1,2
1342245526,1,2
1342245525,1,2
1342245524,1,2
1342245522,1,2
1342245521,1,2
1342245520,1,2
1342245519,1,2
1342245516,1,2
1342245514,1,2
1342245436,1,2
1342245435,1,2
1342245434,1,2
1342245433,1,2
1342245415,1,2
1342245155,1,2
1342244857,1,2
1342244842,1,2
1342244161,1,2
1342244159,1,2
1342244157,1,2
1342240313,1,2
1342241163,1,2
1342241161,1,2
1342241156,1,2
1342241152,1,2
1342241128,1,2
1342241124,1,2
1342241122,1,2
1342241116,1,2
1342241113,1,2
1342241112,1,2
1342241111,1,2
1342241110,1,2
1342241109,1,2
1342241108,1,2
1342241107,1,2
1342241106,1,2
1342241105,1,2
1342241104,1,2
1342241103,1,2
1342241102,1,2
1342241101,1,2
1342241100,1,2
1342241094,1,2
1342241093,1,2
1342241092,1,2
1342241091,1,2
1342241088,1,2
1342240128,1,2
1342240127,1,2
1342240126,1,2
1342240125,1,2
1342240124,1,2
1342240123,1,2
1342240122,1,2
1342240121,1,2
1342240120,1,2
1342240119,1,2
1342240118,1,2
1342240117,1,2
1342240116,1,2
1342240115,1,2
1342240114,1,2
1342240113,1,2
1342240112,1,2
1342240111,1,2
1342240110,1,2
1342240109,1,2
1342240108,1,2
1342240107,1,2
1342240105,1,2
1342240104,1,2
1342240103,1,2
1342240102,1,2
1342240101,1,2
1342240100,1,2
1342240099,1,2
1342240098,1,2
1342240097,1,2
1342240096,1,2
1342240095,1,2
1342240094,1,2
1342240093,1,2
1342240092,1,2
1342240091,1,2
1342240090,1,2
1342240088,1,2
1342240087,1,2
1342240086,1,2
1342240085,1,2
1342240083,1,2
1342240082,1,2
1342240081,1,2
1342240080,1,2
1342240079,1,2
1342240078,1,2
1342240077,1,2
1342240076,1,2
1342240075,1,2
1342240074,1,2
1342240072,1,2
1342240071,1,2
1342240070,1,2
1342240069,1,2
1342240067,1,2
1342240066,1,2
1342240065,1,2
1342240064,1,2
1342240063,1,2
1342240062,1,2
1342240061,1,2
1342240060,1,2
1342240059,1,2
1342240058,1,2
1342240057,1,2
1342240056,1,2
1342240055,1,2
1342240054,1,2
1342240053,1,2
1342240052,1,2
1342240051,1,2
1342240050,1,2
1342240049,1,2
1342240048,1,2
1342240047,1,2
1342240046,1,2
1342240045,1,2
1342240044,1,2
1342240043,1,2
1342240042,1,2
1342240041,1,2
1342240040,1,2
1342240039,1,2
1342240038,1,2
1342240037,1,2
1342240027,1,2
1342240002,1,2
1342239984,1,2
1342239983,1,2
1342239976,1,2
1342239963,1,2
1342239941,1,2
1342239940,1,2
1342239935,1,2
1342239934,1,2
1342239933,1,2
1342239932,1,2
1342239928,1,2
1342239924,1,2
1342239923,1,2
1342239884,1,2
1342239883,1,2
1342239882,1,2
1342239881,1,2
1342239880,1,2
1342239878,1,2
1342239877,1,2
1342239876,1,2
1342239875,1,2
1342239874,1,2
1342239873,1,2
1342239871,1,2
1342239869,1,2
1342239867,1,2
1342239866,1,2
1342239863,1,2
1342239861,1,2
1342239860,1,2
1342239858,1,2
1342239855,1,2
1342239854,1,2
1342239853,1,2
1342239851,1,2
1342239844,1,2
1342239843,1,2
1342239838,1,2
1342239835,1,2
1342239833,1,2
1342239832,1,2
1342239828,1,2
1342239827,1,2
1342239775,1,2
1342239774,1,2
1342238329,1,2
1342238325,1,2
1342238322,1,2
1342238321,1,2
1342238317,1,2
1342238310,1,2
1342238309,1,2
1342238308,1,2
1342238300,1,2
1342238296,1,2
1342238294,1,2
1342238292,1,2
1342238287,1,2
1342238284,1,2
1342238275,1,2
1342238273,1,2
1342238268,1,2
1342238265,1,2
1342238259,1,2
1342237560,1,2
1342237556,1,2
1342237548,1,2
1342237545,1,2
1342237538,1,2
1342237535,1,2
1342237531,1,2
1342237525,1,2
1342237524,1,2
1342237517,1,2
1342236254,1,2
1342236253,1,2
1342236246,1,2
1342236243,1,2
1342236242,1,2
1342236230,1,2
1342236229,1,2
1342236228,1,2
1342236225,1,2
1342236223,1,2
1342236217,1,2
1342236216,1,2
1342236215,1,2
1342236213,1,2
1342236208,1,2
1342236207,1,2
1342236201,1,2
1342236195,1,2
1342236193,1,2
1342236188,1,2
1342236180,1,2
1342236176,1,2
1342236174,1,2
1342236170,1,2
1342236169,1,2
1342236161,1,2
1342236158,1,2
1342236154,1,2
1342236152,1,2
1342236139,1,2
1342236133,1,2
1342234746,1,2
1342234745,1,2
1342234741,1,2
1342234740,1,2
1342234736,1,2
1342234734,1,2
1342234719,1,2
1342234718,1,2
1342234715,1,2
1342234714,1,2
1342234713,1,2
1342234708,1,2
1342234706,1,2
1342234698,1,2
1342234697,1,2
1342234691,1,2
1342234685,1,2
1342234680,1,2
1342234674,1,2
1342234913,1,2
1342234900,1,2
1342234890,1,2
1342234879,1,2
1342234875,1,2
1342234872,1,2
1342234871,1,2
1342234870,1,2
1342234856,1,2
1342234853,1,2
1342234852,1,2
1342234851,1,2
1342234849,1,2
1342234848,1,2
1342234846,1,2
1342234842,1,2
1342234829,1,2
1342234828,1,2
1342234817,1,2
1342234815,1,2
1342234814,1,2
1342234801,1,2
1342234800,1,2
1342234794,1,2
1342234776,1,2
1342233336,1,2
1342232366,1,2
1342232723,1,2
1342232710,1,2
1342232706,1,2
1342232705,1,2
1342231357,1,2
1342230880,1,2
1342230879,1,2
1342230872,1,2
1342230871,1,2
1342230859,1,2
1342230829,1,2
1342230827,1,2
1342230826,1,2
1342230825,1,2
1342230824,1,2
1342230823,1,2
1342230816,1,2
1342230814,1,2
1342230811,1,2
1342230808,1,2
1342230807,1,2
1342230803,1,2
1342230801,1,2
1342230787,1,2
1342230786,1,2
1342230784,1,2
1342230771,1,2
1342230770,1,2
1342230767,1,2
1342230759,1,2
1342230751,1,2
1342229672,1,2
1342229668,1,2
1342229667,1,2
1342229665,1,2
1342229663,1,2
1342229661,1,2
1342229657,1,2
1342229655,1,2
1342229645,1,2
1342229643,1,2
1342229640,1,2
1342229637,1,2
1342229634,1,2
1342229632,1,2
1342229631,1,2
1342229625,1,2
1342229622,1,2
1342229620,1,2
1342229619,1,2
1342229618,1,2
1342229614,1,2
1342229609,1,2
1342229604,1,2
1342229603,1,2
1342229601,1,2
1342229600,1,2
1342229599,1,2
1342229591,1,2
1342229588,1,2
1342229586,1,2
1342229585,1,2
1342229584,1,2
1342229583,1,2
1342229581,1,2
1342229576,1,2
1342229575,1,2
1342229573,1,2
1342229571,1,2
1342229570,1,2
1342229569,1,2
1342229567,1,2
1342229566,1,2
1342229558,1,2
1342229557,1,2
1342229556,1,2
1342229555,1,2
1342229553,1,2
1342229551,1,2
1342229548,1,2
1342229547,1,2
1342229543,1,2
1342229518,1,2
1342229516,1,2
1342229507,1,2
1342229505,1,2
1342229503,1,2
1342229499,1,2
1342229488,1,2
1342229486,1,2
1342229485,1,2
1342229464,1,2
1342229243,1,2
1342229239,1,2
1342229238,1,2
1342229236,1,2
1342229234,1,2
1342229233,1,2
1342229231,1,2
1342229210,1,2
1342229174,1,2
1342229173,1,2
1342229171,1,2
1342229170,1,2
1342229168,1,2
1342229167,1,2
1342229163,1,2
1342229162,1,2
1342229161,1,2
1342229158,1,2
1342229151,1,2
1342229149,1,2
1342229146,1,2
1342229144,1,2
1342229138,1,2
1342229136,1,2
1342229132,1,2
1342229128,1,2
1342229124,1,2
1342229122,1,2
1342227747,1,2
1342227724,1,2
1342227721,1,2
1342227716,1,2
1342227714,1,2
1342227703,1,2
1342227701,1,2
1342227700,1,2
1342227699,1,2
1342227698,1,2
1342227697,1,2
1342227696,1,2
1342226991,1,2
1342226987,1,2
1342226986,1,2
1342226985,1,2
1342226984,1,2
1342226981,1,2
1342226649,1,2
1342226648,1,2
1342226647,1,2
1342226646,1,2
1342226645,1,2
1342226644,1,2
1342224979,1,2
1342224974,1,2
1342224969,1,2
1342223253,1,2
1342223247,1,2
1342223243,1,2
1342223237,1,2
1342223236,1,2
1342223234,1,2
1342223230,1,2
1342223229,1,2
1342223226,1,2
1342222892,1,2
1342222842,1,2
1342222666,1,2
1342222661,1,2
1342222126,1,2
1342221913,1,2
1342220876,1,2
1342220874,1,2
1342220867,1,2
1342220866,1,2
1342220863,1,2
1342220626,1,2
1342220625,1,2
1342219967,1,2
1342220529,1,2
1342218993,1,2
1342218991,1,2
1342218989,1,2
1342218988,1,2
1342218987,1,2
1342218985,1,2
1342218984,1,2
1342218983,1,2
1342218980,1,2
1342218978,1,2
1342218977,1,2
1342218976,1,2
1342216007,1,2
1342216006,1,2
1342216005,1,2
1342216004,1,2
1342215993,1,2
1342214756,1,2
1342214755,1,2
1342214754,1,2
1342214753,1,2
1342214751,1,2
1342214750,1,2
1342214749,1,2
1342214748,1,2
1342214747,1,2
1342214746,1,2
1342214565,1,2
1342214564,1,2
1342214562,1,2
1342214561,1,2
1342214560,1,2
1342214559,1,2
1342214557,1,2
1342213490,1,2
1342213482,1,2
1342213472,1,2
1342213470,1,2
1342213469,1,2
1342213468,1,2
1342213467,1,2
1342213465,1,2
1342213463,1,2
1342213197,1,2
1342213195,1,2
1342213193,1,2
1342213192,1,2
1342213191,1,2
1342213188,1,2
1342213187,1,2
1342212419,1,2
1342212375,1,2
1342212371,1,2
1342212370,1,2
1342212298,1,2
1342212297,1,2
1342212295,1,2
1342212294,1,2
1342212292,1,2
1342212291,1,2
1342212289,1,2
1342212288,1,2
1342211609,1,2
1342211602,1,2
1342211599,1,2
1342211598,1,2
1342211597,1,2
1342211404,1,2
1342211366,1,2
1342211363,1,2
1342211362,1,2
1342211360,1,2
1342211359,1,2
1342211303,1,2
1342211302,1,2
1342211301,1,2
1342211300,1,2
1342211299,1,2
1342211298,1,2
1342211297,1,2
1342210536,1,2
1342210511,1,2
1342210506,1,2
1342210505,1,2
1342210503,1,2
1342210497,1,2
1342209314,1,2
1342209313,1,2
1342209311,1,2
1342209310,1,2
1342209309,1,2
1342209308,1,2
1342209307,1,2
1342209296,1,2
1342209295,1,2
1342209294,1,2
1342209293,1,2
1342209292,1,2
1342209291,1,2
1342209290,1,2
1342209289,1,2
1342207034,1,2
1342206688,1,2
1342206687,1,2
1342206225,1,2
1342206224,1,2
1342206222,1,2
1342206218,1,2
1342206217,1,2
1342206216,1,2
1342206215,1,2
1342206214,1,2
1342206212,1,2
1342206203,1,2
1342206189,1,2
1342206186,1,2
1342206185,1,2
1342206183,1,2
1342206179,1,2
1342206173,1,2
1342206172,1,2
1342205085,1,2
1342204971,1,2
1342204966,1,2
1342204965,1,2
1342204964,1,2
1342204963,1,2
1342204961,1,2
1342204960,1,2
1342204959,1,2
1342204958,1,2
1342204946,1,2
1342204945,1,2
1342204944,1,2
1342203626,1,2
1342203606,1,2
1342203598,1,2
1342203596,1,2
1342203594,1,2
1342203591,1,2
1342203589,1,2
1342203585,1,2
1342203583,1,2
1342202221,1,2
1342202220,1,2
1342201325,1,2
1342201322,1,2
1342201320,1,2
1342201319,1,2
1342201318,1,2
1342201317,1,2
1342201316,1,2
1342201315,1,2
1342201314,1,2
1342201313,1,2
1342201312,1,2
1342201311,1,2
1342201263,1,2
1342201262,1,2
1342201261,1,2
1342201260,1,2
1342201259,1,2
1342201258,1,2
1342201257,1,2
1342201256,1,2
1342201254,1,2
1342201253,1,2
1342201252,1,2
1342201251,1,2
1342201250,1,2
1342201249,1,2
1342201248,1,2
1342201247,1,2
1342201246,1,2
1342201237,1,2
1342201236,1,2
1342201233,1,2
1342201231,1,2
1342201228,1,2
1342201227,1,2
1342201226,1,2
1342201225,1,2
1342201220,1,2
1342201216,1,2
1342201215,1,2
1342201214,1,2
1342201213,1,2
1342201212,1,2
1342201211,1,2
1342201210,1,2
1342201209,1,2
1342201208,1,2
1342201136,1,2
1342201134,1,2
1342201133,1,2
1342201132,1,2
1342201131,1,2
1342201130,1,2
1342201129,1,2
1342201128,1,2
1342201127,1,2
1342201381,1,2
1342201380,1,2
1342201377,1,2
1342201376,1,2
1342201363,1,2
1342200240,1,2
1342200237,1,2
1342200208,1,2
1342200207,1,2
1342200199,1,2
1342200198,1,2
1342200197,1,2
1342199768,1,2
1342199767,1,2
1342199391,1,2
1342199390,1,2
1342199382,1,2
1342199380,1,2
1342199375,1,2
1342199374,1,2
1342199362,1,2
1342199360,1,2
1342199359,1,2
1342199357,1,2
1342199356,1,2
1342199354,1,2
1342199343,1,2
1342199339,1,2
1342199337,1,2
1342199335,1,2
1342199334,1,2
1342199324,1,2
1342199322,1,2
1342199321,1,2
1342199320,1,2
1342199319,1,2
1342199318,1,2
1342199317,1,2
1342199307,1,2
1342198868,1,2
1342198867,1,2
1342198865,1,2
1342198588,1,2
1342198578,1,2
1342198255,1,2
1342198254,1,2
1342198250,1,2
1342198249,1,2
1342198244,1,2
1342198242,1,2
1342198239,1,2
1342198238,1,2
1342198150,1,2
1342195978,1,2
1342195977,1,2
1342195976,1,2
1342195975,1,2
1342195974,1,2
1342195973,1,2
1342195972,1,2
1342195971,1,2
1342195738,1,2
1342195737,1,2
1342195736,1,2
1342195735,1,2
1342195734,1,2
1342195733,1,2
1342195732,1,2
1342195731,1,2
1342193025,1,2
1342193024,1,2
1342193023,1,2
1342193022,1,2
1342193021,1,2
1342193020,1,2
1342193019,1,2
1342193018,1,2
1342193006,1,2
1342193005,1,2
1342193004,1,2
1342193003,1,2
1342193002,1,2
1342193001,1,2
1342193000,1,2
1342192999,1,2
1342270338,1,1
1342270337,1,1
1342270333,1,1
1342270332,1,1
1342270331,1,1
1342270330,1,1
1342270329,1,1
1342270324,1,1
1342270323,1,1
1342270321,1,1
1342270320,1,1
1342270319,1,1
1342270318,1,1
1342270317,1,1
1342270315,1,1
1342270314,1,1
1342270313,1,1
1342270312,1,1
1342270311,1,1
1342270310,1,1
1342270309,1,1
1342270307,1,1
1342270306,1,1
1342270305,1,1
1342270303,1,1
1342270302,1,1
1342270301,1,1
1342270300,1,1
1342270299,1,1
1342270298,1,1
1342270297,1,1
1342270296,1,1
1342270295,1,1
1342270294,1,1
1342270293,1,1
1342270292,1,1
1342270291,1,1
1342270290,1,1
1342270288,1,1
1342270287,1,1
1342270286,1,1
1342270285,1,1
1342270284,1,1
1342270283,1,1
1342270282,1,1
1342270281,1,1
1342270280,1,1
1342270279,1,1
1342270278,1,1
1342270277,1,1
1342270276,1,1
1342270275,1,1
1342270274,1,1
1342270273,1,1
1342270272,1,1
1342270270,1,1
1342270269,1,1
1342270268,1,1
1342270267,1,1
1342270266,1,1
1342270265,1,1
1342270264,1,1
1342270262,1,1
1342270261,1,1
1342270260,1,1
1342270259,1,1
1342270258,1,1
1342270257,1,1
1342270256,1,1
1342270255,1,1
1342270254,1,1
1342270253,1,1
1342270252,1,1
1342270251,1,1
1342270250,1,1
1342270249,1,1
1342270248,1,1
1342270247,1,1
1342270246,1,1
1342270245,1,1
1342270244,1,1
1342270243,1,1
1342270242,1,1
1342270241,1,1
1342270240,1,1
1342270239,1,1
1342270238,1,1
1342270237,1,1
1342270236,1,1
1342270235,1,1
1342270234,1,1
1342270233,1,1
1342270232,1,1
1342270231,1,1
1342270230,1,1
1342270229,1,1
1342270228,1,1
1342270227,1,1
1342270226,1,1
1342270225,1,1
1342270224,1,1
1342270222,1,1
1342270221,1,1
1342270217,1,1
1342270212,1,1
1342270203,1,1
1342270201,1,1
1342270199,1,1
1342268400,1,1
1342268399,1,1
1342268398,1,1
1342268397,1,1
1342268396,1,1
1342268395,1,1
1342268394,1,1
1342268393,1,1
1342268376,1,1
1342268370,1,1
1342268365,1,1
1342268364,1,1
1342268361,1,1
1342268360,1,1
1342268359,1,1
1342268358,1,1
1342268357,1,1
1342268356,1,1
1342268355,1,1
1342268354,1,1
1342268353,1,1
1342268352,1,1
1342268351,1,1
1342268350,1,1
1342268348,1,1
1342268343,1,1
1342268341,1,1
1342268340,1,1
1342268339,1,1
1342268338,1,1
1342268336,1,1
1342268335,1,1
1342268333,1,1
1342268327,1,1
1342265401,1,1
1342265397,1,1
1342265396,1,1
1342265393,1,1
1342265392,1,1
1342265382,1,1
1342265358,1,1
1342265356,1,1
1342265355,1,1
1342265352,1,1
1342265350,1,1
1342265349,1,1
1342265348,1,1
1342265347,1,1
1342265346,1,1
1342265345,1,1
1342265343,1,1
1342265342,1,1
1342265340,1,1
1342265339,1,1
1342265338,1,1
1342265337,1,1
1342265335,1,1
1342265324,1,1
1342266685,1,1
1342266683,1,1
1342266679,1,1
1342266678,1,1
1342266676,1,1
1342266675,1,1
1342266672,1,1
1342266669,1,1
1342266668,1,1
1342266666,1,1
1342266662,1,1
1342266660,1,1
1342266656,1,1
1342266653,1,1
1342266646,1,1
1342266640,1,1
1342266635,1,1
1342266633,1,1
1342266621,1,1
1342266617,1,1
1342263862,1,1
1342263861,1,1
1342263860,1,1
1342263859,1,1
1342263856,1,1
1342263831,1,1
1342263812,1,1
1342263809,1,1
1342263808,1,1
1342261713,1,1
1342261712,1,1
1342261711,1,1
1342261710,1,1
1342261709,1,1
1342261707,1,1
1342261705,1,1
1342261704,1,1
1342261703,1,1
1342261702,1,1
1342261700,1,1
1342261699,1,1
1342261698,1,1
1342261696,1,1
1342261694,1,1
1342261691,1,1
1342261687,1,1
1342261686,1,1
1342261685,1,1
1342261684,1,1
1342261683,1,1
1342261682,1,1
1342261680,1,1
1342261679,1,1
1342261676,1,1
1342261675,1,1
1342261674,1,1
1342261673,1,1
1342261671,1,1
1342261670,1,1
1342261669,1,1
1342261668,1,1
1342261666,1,1
1342261664,1,1
1342261641,1,1
1342261639,1,1
1342261632,1,1
1342261624,1,1
1342261623,1,1
1342261618,1,1
1342261617,1,1
1342261616,1,1
1342261615,1,1
1342261613,1,1
1342261612,1,1
1342261610,1,1
1342261607,1,1
1342261606,1,1
1342261604,1,1
1342261603,1,1
1342261602,1,1
1342261599,1,1
1342261583,1,1
1342261579,1,1
1342261578,1,1
1342261576,1,1
1342261575,1,1
1342261572,1,1
1342261571,1,1
1342261566,1,1
1342261560,1,1
1342261559,1,1
1342261558,1,1
1342261557,1,1
1342261554,1,1
1342261552,1,1
1342261550,1,1
1342261549,1,1
1342261548,1,1
1342261546,1,1
1342261545,1,1
1342261543,1,1
1342261541,1,1
1342261540,1,1
1342261539,1,1
1342261538,1,1
1342261537,1,1
1342261536,1,1
1342261534,1,1
1342261533,1,1
1342261532,1,1
1342261527,1,1
1342261525,1,1
1342261524,1,1
1342261522,1,1
1342261521,1,1
1342261520,1,1
1342261517,1,1
1342261516,1,1
1342261515,1,1
1342261514,1,1
1342261513,1,1
1342261512,1,1
1342261511,1,1
1342261510,1,1
1342261509,1,1
1342261508,1,1
1342261507,1,1
1342261503,1,1
1342261501,1,1
1342261500,1,1
1342261499,1,1
1342261497,1,1
1342261496,1,1
1342261495,1,1
1342261490,1,1
1342261486,1,1
1342259477,1,1
1342259475,1,1
1342259474,1,1
1342259473,1,1
1342259471,1,1
1342259468,1,1
1342259465,1,1
1342259464,1,1
1342259463,1,1
1342259461,1,1
1342259460,1,1
1342259456,1,1
1342259455,1,1
1342259453,1,1
1342259452,1,1
1342259451,1,1
1342259446,1,1
1342259445,1,1
1342259444,1,1
1342259442,1,1
1342259439,1,1
1342259437,1,1
1342259436,1,1
1342259435,1,1
1342259433,1,1
1342259431,1,1
1342259429,1,1
1342259427,1,1
1342259426,1,1
1342259417,1,1
1342259415,1,1
1342259410,1,1
1342259391,1,1
1342259386,1,1
1342259385,1,1
1342259384,1,1
1342259383,1,1
1342259381,1,1
1342259377,1,1
1342259376,1,1
1342259372,1,1
1342259371,1,1
1342258428,1,1
1342258389,1,1
1342258375,1,1
1342258373,1,1
1342258372,1,1
1342258363,1,1
1342258359,1,1
1342258358,1,1
1342258357,1,1
1342257371,1,1
1342257370,1,1
1342257359,1,1
1342256901,1,1
1342256900,1,1
1342256898,1,1
1342256897,1,1
1342256896,1,1
1342256895,1,1
1342256892,1,1
1342256891,1,1
1342256889,1,1
1342256888,1,1
1342256887,1,1
1342256886,1,1
1342256884,1,1
1342256882,1,1
1342256880,1,1
1342256875,1,1
1342256872,1,1
1342256870,1,1
1342256869,1,1
1342256868,1,1
1342256865,1,1
1342256864,1,1
1342256862,1,1
1342256856,1,1
1342256855,1,1
1342256854,1,1
1342256853,1,1
1342256852,1,1
1342256850,1,1
1342256849,1,1
1342256846,1,1
1342256845,1,1
1342256844,1,1
1342256838,1,1
1342256835,1,1
1342256834,1,1
1342256833,1,1
1342256832,1,1
1342256831,1,1
1342256830,1,1
1342256829,1,1
1342256827,1,1
1342256826,1,1
1342256825,1,1
1342256824,1,1
1342256822,1,1
1342256820,1,1
1342256817,1,1
1342256815,1,1
1342256809,1,1
1342256804,1,1
1342256803,1,1
1342256801,1,1
1342256800,1,1
1342256799,1,1
1342256795,1,1
1342256793,1,1
1342256791,1,1
1342256790,1,1
1342256789,1,1
1342256788,1,1
1342256756,1,1
1342256755,1,1
1342256754,1,1
1342256752,1,1
1342256746,1,1
1342256741,1,1
1342256739,1,1
1342256737,1,1
1342256735,1,1
1342256733,1,1
1342256685,1,1
1342256684,1,1
1342256683,1,1
1342256682,1,1
1342256681,1,1
1342256680,1,1
1342256679,1,1
1342256678,1,1
1342256677,1,1
1342256675,1,1
1342256674,1,1
1342256668,1,1
1342256667,1,1
1342256665,1,1
1342256664,1,1
1342256663,1,1
1342256661,1,1
1342256660,1,1
1342256658,1,1
1342256657,1,1
1342256655,1,1
1342256654,1,1
1342256653,1,1
1342256652,1,1
1342256649,1,1
1342256647,1,1
1342256645,1,1
1342256644,1,1
1342256640,1,1
1342256639,1,1
1342256638,1,1
1342256636,1,1
1342256635,1,1
1342256634,1,1
1342256633,1,1
1342256631,1,1
1342256630,1,1
1342256629,1,1
1342255226,1,1
1342255225,1,1
1342255224,1,1
1342255223,1,1
1342255222,1,1
1342255221,1,1
1342255220,1,1
1342255218,1,1
1342255217,1,1
1342255216,1,1
1342255215,1,1
1342255214,1,1
1342255213,1,1
1342255212,1,1
1342255210,1,1
1342255206,1,1
1342255205,1,1
1342255204,1,1
1342255203,1,1
1342255202,1,1
1342255201,1,1
1342255200,1,1
1342255199,1,1
1342255198,1,1
1342255196,1,1
1342255195,1,1
1342255194,1,1
1342255193,1,1
1342255192,1,1
1342255189,1,1
1342255188,1,1
1342255187,1,1
1342255186,1,1
1342255182,1,1
1342255181,1,1
1342255179,1,1
1342255178,1,1
1342255177,1,1
1342255176,1,1
1342255175,1,1
1342255174,1,1
1342255173,1,1
1342255170,1,1
1342255168,1,1
1342255167,1,1
1342255166,1,1
1342255165,1,1
1342255163,1,1
1342255162,1,1
1342255161,1,1
1342255160,1,1
1342255159,1,1
1342255158,1,1
1342255157,1,1
1342255155,1,1
1342255154,1,1
1342255152,1,1
1342255132,1,1
1342255131,1,1
1342255126,1,1
1342255125,1,1
1342255124,1,1
1342255123,1,1
1342255119,1,1
1342255118,1,1
1342255117,1,1
1342255116,1,1
1342255115,1,1
1342255114,1,1
1342255111,1,1
1342255110,1,1
1342255108,1,1
1342255104,1,1
1342255103,1,1
1342255102,1,1
1342255101,1,1
1342255099,1,1
1342255098,1,1
1342255093,1,1
1342255090,1,1
1342255089,1,1
1342255082,1,1
1342255076,1,1
1342255074,1,1
1342255073,1,1
1342255072,1,1
1342255067,1,1
1342255031,1,1
1342255030,1,1
1342255028,1,1
1342255027,1,1
1342255025,1,1
1342255024,1,1
1342254628,1,1
1342254521,1,1
1342254520,1,1
1342254517,1,1
1342254516,1,1
1342254515,1,1
1342254506,1,1
1342254494,1,1
1342254490,1,1
1342254489,1,1
1342254479,1,1
1342254476,1,1
1342254474,1,1
1342254473,1,1
1342254471,1,1
1342254470,1,1
1342254469,1,1
1342254055,1,1
1342254049,1,1
1342254096,1,1
1342254095,1,1
1342254094,1,1
1342254093,1,1
1342253424,1,1
1342253423,1,1
1342253421,1,1
1342253418,1,1
1342253417,1,1
1342253416,1,1
1342253415,1,1
1342253413,1,1
1342253412,1,1
1342253411,1,1
1342253410,1,1
1342253408,1,1
1342253406,1,1
1342253405,1,1
1342253403,1,1
1342253400,1,1
1342253385,1,1
1342253384,1,1
1342253381,1,1
1342253380,1,1
1342251924,1,1
1342251914,1,1
1342251910,1,1
1342251909,1,1
1342251907,1,1
1342251905,1,1
1342251904,1,1
1342251903,1,1
1342250779,1,1
1342250758,1,1
1342250348,1,1
1342250654,1,1
1342250628,1,1
1342250617,1,1
1342249261,1,1
1342249257,1,1
1342249225,1,1
1342249223,1,1
1342249119,1,1
1342249108,1,1
1342249102,1,1
1342249082,1,1
1342248482,1,1
1342248481,1,1
1342248005,1,1
1342247999,1,1
1342247992,1,1
1342247991,1,1
1342247990,1,1
1342247977,1,1
1342247968,1,1
1342247967,1,1
1342247966,1,1
1342247965,1,1
1342247964,1,1
1342247963,1,1
1342247961,1,1
1342247960,1,1
1342247957,1,1
1342247956,1,1
1342247955,1,1
1342247894,1,1
1342247892,1,1
1342247886,1,1
1342247885,1,1
1342247884,1,1
1342247881,1,1
1342247868,1,1
1342247858,1,1
1342247857,1,1
1342247274,1,1
1342247271,1,1
1342247270,1,1
1342247260,1,1
1342247242,1,1
1342247240,1,1
1342247239,1,1
1342247238,1,1
1342247237,1,1
1342247235,1,1
1342247234,1,1
1342247231,1,1
1342247230,1,1
1342247228,1,1
1342246620,1,1
1342246619,1,1
1342246617,1,1
1342246616,1,1
1342246615,1,1
1342246614,1,1
1342246613,1,1
1342246610,1,1
1342246607,1,1
1342246606,1,1
1342246605,1,1
1342246603,1,1
1342246601,1,1
1342246598,1,1
1342246597,1,1
1342246596,1,1
1342246594,1,1
1342246593,1,1
1342246585,1,1
1342245912,1,1
1342245902,1,1
1342245575,1,1
1342245574,1,1
1342245573,1,1
1342245572,1,1
1342245571,1,1
1342245569,1,1
1342245568,1,1
1342245567,1,1
1342245565,1,1
1342245560,1,1
1342245559,1,1
1342245558,1,1
1342245557,1,1
1342245553,1,1
1342245513,1,1
1342245428,1,1
1342245157,1,1
1342245156,1,1
1342245154,1,1
1342244841,1,1
1342244174,1,1
1342244173,1,1
1342244162,1,1
1342244160,1,1
1342244158,1,1
1342244156,1,1
1342244155,1,1
1342244152,1,1
1342244151,1,1
1342244150,1,1
1342244149,1,1
1342241171,1,1
1342241170,1,1
1342241169,1,1
1342241168,1,1
1342241167,1,1
1342241165,1,1
1342241164,1,1
1342241162,1,1
1342241151,1,1
1342241125,1,1
1342241123,1,1
1342240035,1,1
1342240032,1,1
1342240031,1,1
1342240030,1,1
1342240028,1,1
1342240003,1,1
1342239991,1,1
1342239990,1,1
1342239989,1,1
1342239988,1,1
1342239987,1,1
1342239986,1,1
1342239985,1,1
1342239982,1,1
1342239981,1,1
1342239980,1,1
1342239967,1,1
1342239966,1,1
1342239965,1,1
1342239962,1,1
1342239961,1,1
1342239950,1,1
1342239948,1,1
1342239946,1,1
1342239944,1,1
1342239939,1,1
1342239938,1,1
1342239937,1,1
1342239936,1,1
1342239929,1,1
1342239927,1,1
1342239926,1,1
1342239895,1,1
1342239891,1,1
1342239890,1,1
1342239885,1,1
1342239868,1,1
1342239859,1,1
1342239857,1,1
1342239856,1,1
1342239852,1,1
1342239850,1,1
1342239849,1,1
1342239848,1,1
1342239847,1,1
1342239846,1,1
1342239845,1,1
1342239842,1,1
1342239841,1,1
1342239840,1,1
1342239839,1,1
1342239837,1,1
1342239836,1,1
1342239831,1,1
1342239830,1,1
1342239829,1,1
1342239823,1,1
1342239822,1,1
1342239821,1,1
1342239820,1,1
1342239819,1,1
1342239818,1,1
1342239817,1,1
1342239801,1,1
1342239800,1,1
1342239799,1,1
1342239798,1,1
1342239795,1,1
1342239794,1,1
1342239789,1,1
1342239782,1,1
1342239780,1,1
1342239779,1,1
1342239778,1,1
1342239776,1,1
1342239274,1,1
1342239262,1,1
1342238336,1,1
1342238333,1,1
1342238332,1,1
1342238331,1,1
1342238330,1,1
1342238328,1,1
1342238327,1,1
1342238326,1,1
1342238324,1,1
1342238323,1,1
1342238320,1,1
1342238319,1,1
1342238318,1,1
1342238316,1,1
1342238315,1,1
1342238314,1,1
1342238313,1,1
1342238312,1,1
1342238311,1,1
1342238307,1,1
1342238305,1,1
1342238304,1,1
1342238301,1,1
1342238298,1,1
1342238295,1,1
1342238293,1,1
1342238291,1,1
1342238290,1,1
1342238288,1,1
1342238286,1,1
1342238285,1,1
1342238282,1,1
1342238281,1,1
1342238280,1,1
1342238279,1,1
1342238278,1,1
1342238277,1,1
1342238276,1,1
1342238274,1,1
1342238272,1,1
1342238270,1,1
1342238266,1,1
1342238264,1,1
1342238263,1,1
1342238262,1,1
1342238261,1,1
1342238260,1,1
1342238258,1,1
1342238257,1,1
1342238256,1,1
1342238255,1,1
1342238254,1,1
1342238252,1,1
1342237562,1,1
1342237561,1,1
1342237559,1,1
1342237557,1,1
1342237555,1,1
1342237554,1,1
1342237549,1,1
1342237544,1,1
1342237543,1,1
1342237542,1,1
1342237541,1,1
1342237540,1,1
1342237539,1,1
1342237537,1,1
1342237536,1,1
1342237534,1,1
1342237532,1,1
1342237523,1,1
1342237522,1,1
1342237519,1,1
1342237518,1,1
1342237515,1,1
1342237514,1,1
1342237509,1,1
1342237506,1,1
1342237505,1,1
1342237501,1,1
1342237499,1,1
1342237498,1,1
1342236249,1,1
1342236248,1,1
1342236247,1,1
1342236245,1,1
1342236244,1,1
1342236241,1,1
1342236231,1,1
1342236227,1,1
1342236224,1,1
1342236222,1,1
1342236221,1,1
1342236219,1,1
1342236218,1,1
1342236214,1,1
1342236212,1,1
1342236209,1,1
1342236206,1,1
1342236205,1,1
1342236204,1,1
1342236203,1,1
1342236202,1,1
1342236200,1,1
1342236199,1,1
1342236198,1,1
1342236197,1,1
1342236196,1,1
1342236194,1,1
1342236192,1,1
1342236191,1,1
1342236190,1,1
1342236189,1,1
1342236187,1,1
1342236186,1,1
1342236179,1,1
1342236178,1,1
1342236177,1,1
1342236175,1,1
1342236173,1,1
1342236172,1,1
1342236171,1,1
1342236168,1,1
1342236167,1,1
1342236166,1,1
1342236165,1,1
1342236164,1,1
1342236163,1,1
1342236162,1,1
1342236160,1,1
1342236159,1,1
1342236157,1,1
1342236156,1,1
1342236153,1,1
1342236151,1,1
1342236150,1,1
1342236149,1,1
1342236148,1,1
1342236147,1,1
1342236146,1,1
1342236145,1,1
1342236144,1,1
1342236143,1,1
1342236141,1,1
1342236138,1,1
1342236137,1,1
1342236136,1,1
1342236135,1,1
1342236134,1,1
1342234767,1,1
1342234766,1,1
1342234765,1,1
1342234764,1,1
1342234763,1,1
1342234762,1,1
1342234761,1,1
1342234760,1,1
1342234759,1,1
1342234758,1,1
1342234757,1,1
1342234756,1,1
1342234755,1,1
1342234754,1,1
1342234753,1,1
1342234752,1,1
1342234751,1,1
1342234750,1,1
1342234748,1,1
1342234747,1,1
1342234743,1,1
1342234742,1,1
1342234739,1,1
1342234738,1,1
1342234737,1,1
1342234733,1,1
1342234732,1,1
1342234731,1,1
1342234730,1,1
1342234729,1,1
1342234727,1,1
1342234726,1,1
1342234725,1,1
1342234724,1,1
1342234723,1,1
1342234722,1,1
1342234721,1,1
1342234720,1,1
1342234717,1,1
1342234716,1,1
1342234712,1,1
1342234711,1,1
1342234710,1,1
1342234709,1,1
1342234707,1,1
1342234705,1,1
1342234696,1,1
1342234695,1,1
1342234694,1,1
1342234693,1,1
1342234692,1,1
1342234690,1,1
1342234688,1,1
1342234687,1,1
1342234686,1,1
1342234684,1,1
1342234683,1,1
1342234682,1,1
1342234681,1,1
1342234679,1,1
1342234678,1,1
1342234677,1,1
1342234676,1,1
1342234675,1,1
1342234673,1,1
1342234672,1,1
1342234671,1,1
1342234670,1,1
1342234929,1,1
1342234922,1,1
1342234920,1,1
1342234919,1,1
1342234918,1,1
1342234915,1,1
1342234912,1,1
1342234911,1,1
1342234910,1,1
1342234909,1,1
1342234908,1,1
1342234907,1,1
1342234906,1,1
1342234905,1,1
1342234904,1,1
1342234903,1,1
1342234902,1,1
1342234901,1,1
1342234899,1,1
1342234898,1,1
1342234897,1,1
1342234896,1,1
1342234895,1,1
1342234894,1,1
1342234893,1,1
1342234892,1,1
1342234891,1,1
1342234889,1,1
1342234888,1,1
1342234887,1,1
1342234886,1,1
1342234885,1,1
1342234884,1,1
1342234882,1,1
1342234881,1,1
1342234880,1,1
1342234878,1,1
1342234877,1,1
1342234876,1,1
1342234874,1,1
1342234873,1,1
1342234869,1,1
1342234868,1,1
1342234867,1,1
1342234866,1,1
1342234865,1,1
1342234864,1,1
1342234863,1,1
1342234862,1,1
1342234861,1,1
1342234860,1,1
1342234859,1,1
1342234858,1,1
1342234857,1,1
1342234855,1,1
1342234854,1,1
1342234847,1,1
1342234845,1,1
1342234844,1,1
1342234843,1,1
1342234840,1,1
1342234838,1,1
1342234837,1,1
1342234836,1,1
1342234835,1,1
1342234834,1,1
1342234833,1,1
1342234832,1,1
1342234831,1,1
1342234830,1,1
1342234827,1,1
1342234824,1,1
1342234822,1,1
1342234820,1,1
1342234819,1,1
1342234818,1,1
1342234813,1,1
1342234812,1,1
1342234811,1,1
1342234810,1,1
1342234809,1,1
1342234808,1,1
1342234807,1,1
1342234806,1,1
1342234805,1,1
1342234804,1,1
1342234799,1,1
1342234798,1,1
1342234797,1,1
1342234796,1,1
1342234795,1,1
1342234793,1,1
1342234792,1,1
1342234789,1,1
1342234788,1,1
1342234787,1,1
1342234786,1,1
1342234785,1,1
1342234784,1,1
1342234783,1,1
1342234782,1,1
1342234781,1,1
1342234780,1,1
1342234779,1,1
1342234778,1,1
1342234777,1,1
1342234775,1,1
1342233332,1,1
1342233330,1,1
1342233329,1,1
1342233328,1,1
1342233327,1,1
1342233325,1,1
1342233324,1,1
1342233323,1,1
1342233321,1,1
1342233320,1,1
1342232724,1,1
1342232722,1,1
1342232721,1,1
1342232720,1,1
1342232719,1,1
1342232718,1,1
1342232717,1,1
1342232716,1,1
1342232715,1,1
1342232714,1,1
1342232713,1,1
1342232712,1,1
1342232711,1,1
1342232709,1,1
1342232708,1,1
1342232707,1,1
1342232704,1,1
1342232703,1,1
1342231843,1,1
1342231356,1,1
1342231355,1,1
1342231354,1,1
1342231353,1,1
1342231345,1,1
1342230878,1,1
1342230877,1,1
1342230876,1,1
1342230875,1,1
1342230874,1,1
1342230873,1,1
1342230870,1,1
1342230869,1,1
1342230868,1,1
1342230867,1,1
1342230866,1,1
1342230865,1,1
1342230864,1,1
1342230863,1,1
1342230862,1,1
1342230861,1,1
1342230860,1,1
1342230854,1,1
1342230852,1,1
1342230847,1,1
1342230838,1,1
1342230837,1,1
1342230836,1,1
1342230834,1,1
1342230833,1,1
1342230831,1,1
1342230830,1,1
1342230822,1,1
1342230821,1,1
1342230817,1,1
1342230815,1,1
1342230813,1,1
1342230812,1,1
1342230810,1,1
1342230809,1,1
1342230806,1,1
1342230804,1,1
1342230800,1,1
1342230799,1,1
1342230798,1,1
1342230796,1,1
1342230794,1,1
1342230791,1,1
1342230789,1,1
1342230785,1,1
1342230783,1,1
1342230782,1,1
1342230781,1,1
1342230780,1,1
1342230778,1,1
1342230775,1,1
1342230774,1,1
1342230773,1,1
1342230772,1,1
1342230768,1,1
1342230764,1,1
1342230763,1,1
1342230762,1,1
1342230761,1,1
1342230760,1,1
1342230758,1,1
1342230757,1,1
1342230756,1,1
1342230755,1,1
1342230754,1,1
1342230753,1,1
1342230752,1,1
1342230750,1,1
1342230749,1,1
1342230748,1,1
1342230747,1,1
1342230746,1,1
1342230745,1,1
1342230744,1,1
1342230742,1,1
1342230741,1,1
1342230740,1,1
1342230739,1,1
1342230738,1,1
1342230737,1,1
1342229678,1,1
1342229676,1,1
1342229673,1,1
1342229671,1,1
1342229670,1,1
1342229669,1,1
1342229664,1,1
1342229662,1,1
1342229660,1,1
1342229658,1,1
1342229656,1,1
1342229653,1,1
1342229652,1,1
1342229651,1,1
1342229650,1,1
1342229649,1,1
1342229648,1,1
1342229647,1,1
1342229646,1,1
1342229642,1,1
1342229641,1,1
1342229639,1,1
1342229638,1,1
1342229636,1,1
1342229635,1,1
1342229633,1,1
1342229630,1,1
1342229629,1,1
1342229628,1,1
1342229626,1,1
1342229621,1,1
1342229617,1,1
1342229616,1,1
1342229615,1,1
1342229613,1,1
1342229612,1,1
1342229611,1,1
1342229610,1,1
1342229607,1,1
1342229602,1,1
1342229598,1,1
1342229597,1,1
1342229596,1,1
1342229595,1,1
1342229594,1,1
1342229593,1,1
1342229592,1,1
1342229590,1,1
1342229589,1,1
1342229587,1,1
1342229582,1,1
1342229580,1,1
1342229579,1,1
1342229578,1,1
1342229574,1,1
1342229572,1,1
1342229568,1,1
1342229565,1,1
1342229564,1,1
1342229563,1,1
1342229562,1,1
1342229561,1,1
1342229560,1,1
1342229559,1,1
1342229554,1,1
1342229552,1,1
1342229550,1,1
1342229549,1,1
1342229546,1,1
1342229545,1,1
1342229544,1,1
1342229542,1,1
1342229541,1,1
1342229540,1,1
1342229539,1,1
1342229538,1,1
1342229537,1,1
1342229536,1,1
1342229535,1,1
1342229534,1,1
1342229533,1,1
1342229532,1,1
1342229531,1,1
1342229530,1,1
1342229529,1,1
1342229528,1,1
1342229527,1,1
1342229526,1,1
1342229525,1,1
1342229524,1,1
1342229523,1,1
1342229522,1,1
1342229521,1,1
1342229520,1,1
1342229519,1,1
1342229517,1,1
1342229515,1,1
1342229514,1,1
1342229513,1,1
1342229512,1,1
1342229511,1,1
1342229510,1,1
1342229508,1,1
1342229506,1,1
1342229504,1,1
1342229502,1,1
1342229501,1,1
1342229500,1,1
1342229498,1,1
1342229497,1,1
1342229496,1,1
1342229495,1,1
1342229494,1,1
1342229493,1,1
1342229491,1,1
1342229490,1,1
1342229489,1,1
1342229487,1,1
1342229484,1,1
1342229483,1,1
1342229482,1,1
1342229481,1,1
1342229480,1,1
1342229479,1,1
1342229478,1,1
1342229476,1,1
1342229475,1,1
1342229474,1,1
1342229473,1,1
1342229471,1,1
1342229470,1,1
1342229469,1,1
1342229468,1,1
1342229467,1,1
1342229465,1,1
1342229463,1,1
1342229242,1,1
1342229241,1,1
1342229237,1,1
1342229235,1,1
1342229232,1,1
1342229230,1,1
1342229229,1,1
1342229228,1,1
1342229227,1,1
1342229225,1,1
1342229224,1,1
1342229223,1,1
1342229222,1,1
1342229221,1,1
1342229220,1,1
1342229219,1,1
1342229218,1,1
1342229217,1,1
1342229216,1,1
1342229215,1,1
1342229214,1,1
1342229213,1,1
1342229212,1,1
1342229211,1,1
1342229209,1,1
1342229207,1,1
1342229204,1,1
1342229203,1,1
1342229199,1,1
1342229198,1,1
1342229196,1,1
1342229192,1,1
1342229191,1,1
1342229190,1,1
1342229189,1,1
1342229188,1,1
1342229187,1,1
1342229185,1,1
1342229176,1,1
1342229175,1,1
1342229169,1,1
1342229165,1,1
1342229164,1,1
1342229157,1,1
1342229156,1,1
1342229155,1,1
1342229154,1,1
1342229153,1,1
1342229152,1,1
1342229150,1,1
1342229148,1,1
1342229147,1,1
1342229145,1,1
1342229143,1,1
1342229142,1,1
1342229141,1,1
1342229140,1,1
1342229139,1,1
1342229137,1,1
1342229135,1,1
1342229133,1,1
1342229131,1,1
1342229130,1,1
1342229129,1,1
1342229127,1,1
1342229126,1,1
1342229123,1,1
1342229121,1,1
1342229120,1,1
1342229119,1,1
1342229118,1,1
1342229117,1,1
1342229115,1,1
1342229114,1,1
1342229113,1,1
1342229112,1,1
1342229110,1,1
1342229109,1,1
1342229106,1,1
1342229105,1,1
1342229103,1,1
1342229102,1,1
1342229101,1,1
1342229100,1,1
1342228355,1,1
1342227748,1,1
1342227745,1,1
1342227736,1,1
1342227735,1,1
1342227734,1,1
1342227733,1,1
1342227722,1,1
1342227720,1,1
1342227719,1,1
1342227718,1,1
1342227717,1,1
1342227715,1,1
1342227713,1,1
1342227712,1,1
1342227711,1,1
1342227709,1,1
1342227706,1,1
1342227705,1,1
1342227704,1,1
1342227702,1,1
1342227695,1,1
1342227689,1,1
1342227688,1,1
1342227687,1,1
1342227686,1,1
1342227685,1,1
1342227684,1,1
1342227683,1,1
1342227682,1,1
1342227681,1,1
1342227680,1,1
1342227679,1,1
1342227678,1,1
1342227677,1,1
1342227676,1,1
1342227675,1,1
1342227674,1,1
1342227673,1,1
1342227672,1,1
1342227671,1,1
1342227670,1,1
1342227669,1,1
1342227668,1,1
1342227667,1,1
1342227666,1,1
1342227665,1,1
1342227664,1,1
1342227663,1,1
1342227662,1,1
1342227661,1,1
1342227660,1,1
1342227659,1,1
1342227658,1,1
1342227657,1,1
1342227656,1,1
1342227655,1,1
1342227003,1,1
1342227002,1,1
1342226989,1,1
1342226988,1,1
1342226983,1,1
1342226982,1,1
1342226980,1,1
1342226978,1,1
1342226977,1,1
1342226975,1,1
1342226974,1,1
1342226973,1,1
1342226972,1,1
1342226971,1,1
1342226970,1,1
1342226968,1,1
1342226630,1,1
1342226628,1,1
1342226659,1,1
1342226658,1,1
1342226656,1,1
1342226643,1,1
1342226641,1,1
1342226640,1,1
1342226638,1,1
1342226637,1,1
1342226635,1,1
1342226632,1,1
1342224993,1,1
1342224992,1,1
1342224987,1,1
1342224986,1,1
1342224985,1,1
1342224984,1,1
1342224983,1,1
1342224982,1,1
1342224978,1,1
1342224971,1,1
1342224149,1,1
1342224037,1,1
1342223254,1,1
1342223252,1,1
1342223251,1,1
1342223250,1,1
1342223249,1,1
1342223248,1,1
1342223246,1,1
1342223245,1,1
1342223244,1,1
1342223242,1,1
1342223241,1,1
1342223240,1,1
1342223239,1,1
1342223238,1,1
1342223235,1,1
1342223233,1,1
1342223232,1,1
1342223231,1,1
1342223228,1,1
1342223224,1,1
1342223211,1,1
1342222902,1,1
1342222893,1,1
1342222891,1,1
1342222890,1,1
1342222889,1,1
1342222888,1,1
1342222887,1,1
1342222886,1,1
1342222881,1,1
1342222674,1,1
1342222673,1,1
1342222672,1,1
1342222671,1,1
1342222670,1,1
1342222669,1,1
1342222668,1,1
1342222667,1,1
1342222665,1,1
1342222664,1,1
1342222663,1,1
1342222662,1,1
1342222660,1,1
1342222659,1,1
1342222658,1,1
1342222657,1,1
1342222656,1,1
1342222655,1,1
1342222125,1,1
1342222115,1,1
1342221924,1,1
1342221919,1,1
1342221917,1,1
1342221915,1,1
1342221914,1,1
1342221462,1,1
1342220873,1,1
1342220872,1,1
1342220871,1,1
1342220870,1,1
1342220868,1,1
1342220865,1,1
1342220864,1,1
1342220838,1,1
1342220836,1,1
1342220641,1,1
1342220640,1,1
1342220639,1,1
1342220638,1,1
1342220637,1,1
1342220636,1,1
1342220635,1,1
1342220634,1,1
1342220632,1,1
1342220628,1,1
1342220627,1,1
1342220624,1,1
1342220623,1,1
1342220614,1,1
1342219976,1,1
1342219966,1,1
1342220543,1,1
1342220542,1,1
1342220531,1,1
1342220530,1,1
1342220528,1,1
1342220527,1,1
1342219634,1,1
1342218992,1,1
1342218986,1,1
1342218982,1,1
1342218979,1,1
1342216956,1,1
1342216955,1,1
1342216954,1,1
1342216939,1,1
1342216937,1,1
1342216924,1,1
1342216000,1,1
1342215996,1,1
1342215995,1,1
1342214563,1,1
1342214558,1,1
1342214555,1,1
1342214554,1,1
1342213491,1,1
1342213488,1,1
1342213487,1,1
1342213485,1,1
1342213483,1,1
1342213477,1,1
1342213476,1,1
1342213471,1,1
1342213466,1,1
1342213464,1,1
1342213462,1,1
1342213461,1,1
1342213200,1,1
1342213198,1,1
1342213196,1,1
1342213190,1,1
1342213189,1,1
1342212418,1,1
1342212374,1,1
1342212368,1,1
1342212365,1,1
1342211361,1,1
1342210881,1,1
1342210880,1,1
1342210879,1,1
1342210872,1,1
1342210870,1,1
1342210572,1,1
1342210542,1,1
1342210541,1,1
1342210540,1,1
1342210539,1,1
1342210537,1,1
1342210529,1,1
1342210527,1,1
1342210523,1,1
1342210521,1,1
1342210520,1,1
1342210519,1,1
1342210518,1,1
1342210516,1,1
1342210515,1,1
1342210514,1,1
1342210512,1,1
1342210510,1,1
1342210509,1,1
1342210508,1,1
1342210507,1,1
1342210502,1,1
1342210501,1,1
1342210498,1,1
1342209301,1,1
1342209299,1,1
1342209287,1,1
1342207042,1,1
1342207041,1,1
1342207038,1,1
1342207037,1,1
1342207035,1,1
1342207033,1,1
1342206690,1,1
1342206221,1,1
1342206220,1,1
1342206219,1,1
1342206211,1,1
1342206210,1,1
1342206209,1,1
1342206208,1,1
1342206200,1,1
1342206197,1,1
1342206196,1,1
1342206195,1,1
1342206193,1,1
1342206192,1,1
1342206190,1,1
1342206188,1,1
1342206187,1,1
1342206180,1,1
1342206178,1,1
1342206177,1,1
1342206174,1,1
1342205072,1,1
1342205052,1,1
1342204962,1,1
1342204955,1,1
1342204954,1,1
1342204852,1,1
1342204107,1,1
1342203632,1,1
1342203628,1,1
1342203627,1,1
1342203614,1,1
1342203613,1,1
1342203602,1,1
1342203600,1,1
1342203597,1,1
1342203595,1,1
1342203592,1,1
1342203587,1,1
1342203582,1,1
1342203581,1,1
1342203580,1,1
1342203579,1,1
1342203578,1,1
1342203577,1,1
1342203562,1,1
1342203077,1,1
1342202248,1,1
1342202200,1,1
1342202198,1,1
1342201326,1,1
1342201323,1,1
1342201264,1,1
1342201245,1,1
1342201244,1,1
1342201243,1,1
1342201242,1,1
1342201241,1,1
1342201240,1,1
1342201239,1,1
1342201238,1,1
1342201235,1,1
1342201234,1,1
1342201232,1,1
1342201230,1,1
1342201224,1,1
1342201223,1,1
1342201218,1,1
1342201217,1,1
1342201148,1,1
1342201484,1,1
1342201483,1,1
1342201432,1,1
1342201378,1,1
1342201375,1,1
1342201374,1,1
1342200242,1,1
1342200241,1,1
1342200238,1,1
1342200236,1,1
1342200235,1,1
1342200234,1,1
1342200233,1,1
1342200232,1,1
1342200231,1,1
1342200230,1,1
1342200229,1,1
1342200228,1,1
1342200227,1,1
1342200226,1,1
1342200225,1,1
1342200224,1,1
1342200223,1,1
1342200222,1,1
1342200221,1,1
1342200220,1,1
1342200219,1,1
1342200218,1,1
1342200217,1,1
1342200216,1,1
1342200215,1,1
1342200214,1,1
1342200213,1,1
1342200212,1,1
1342200211,1,1
1342200210,1,1
1342200209,1,1
1342200206,1,1
1342200205,1,1
1342200203,1,1
1342200129,1,1
1342200126,1,1
1342200119,1,1
1342200118,1,1
1342200117,1,1
1342200110,1,1
1342199774,1,1
1342199773,1,1
1342199772,1,1
1342199771,1,1
1342199770,1,1
1342199769,1,1
1342199766,1,1
1342199388,1,1
1342199386,1,1
1342199384,1,1
1342199383,1,1
1342199379,1,1
1342199365,1,1
1342199363,1,1
1342199361,1,1
1342199358,1,1
1342199355,1,1
1342199353,1,1
1342199352,1,1
1342199351,1,1
1342199350,1,1
1342199349,1,1
1342199348,1,1
1342199347,1,1
1342199346,1,1
1342199345,1,1
1342199341,1,1
1342199338,1,1
1342199333,1,1
1342199330,1,1
1342199326,1,1
1342199325,1,1
1342199323,1,1
1342199315,1,1
1342199314,1,1
1342199313,1,1
1342199312,1,1
1342199311,1,1
1342199308,1,1
1342199306,1,1
1342199305,1,1
1342199304,1,1
1342198894,1,1
1342198884,1,1
1342198882,1,1
1342198881,1,1
1342198880,1,1
1342198879,1,1
1342198878,1,1
1342198877,1,1
1342198876,1,1
1342198875,1,1
1342198874,1,1
1342198873,1,1
1342198872,1,1
1342198871,1,1
1342198866,1,1
1342198587,1,1
1342198577,1,1
1342198569,1,1
1342198253,1,1
1342198252,1,1
1342198237,1,1
1342198191,1,1
1342198190,1,1
1342198189,1,1
1342198145,1,1
1342198141,1,1
1342197286,1,1
1342197285,1,1
1342196915,1,1
1342195970,1,1
1342195969,1,1
1342195967,1,1
1342195966,1,1
1342195965,1,1
1342195964,1,1
1342195961,1,1
1342195957,1,1
1342195954,1,1
1342195945,1,1
1342195855,1,1
1342195754,1,1
1342195751,1,1
1342192102,1,1
1342254090,0,7
1342254089,0,7
1342254059,0,4
1342254088,0,4
1342254087,0,4
1342254086,0,4
1342254085,0,4
1342253430,0,4
1342253429,0,4
1342253428,0,4
1342253427,0,4
1342253426,0,4
1342253425,0,4
1342253394,0,4
1342253393,0,4
1342253392,0,4
1342253391,0,4
1342253390,0,4
1342253389,0,4
1342251957,0,4
1342251956,0,4
1342251929,0,4
1342251928,0,4
1342251927,0,4
1342251926,0,4
1342251695,0,4
1342251694,0,4
1342251693,0,4
1342251692,0,4
1342251691,0,4
1342251690,0,4
1342251689,0,4
1342251688,0,4
1342250801,0,4
1342250800,0,4
1342250799,0,4
1342250798,0,4
1342250793,0,4
1342250792,0,4
1342250791,0,4
1342250790,0,4
1342250770,0,4
1342250769,0,4
1342250768,0,4
1342250767,0,4
1342250766,0,4
1342250765,0,4
1342250343,0,4
1342250342,0,4
1342250341,0,4
1342250340,0,4
1342250333,0,4
1342250332,0,4
1342250241,0,4
1342250240,0,4
1342250239,0,4
1342250238,0,4
1342250237,0,4
1342250233,0,4
1342250653,0,4
1342250652,0,4
1342250649,0,4
1342250648,0,4
1342250647,0,4
1342250646,0,4
1342250634,0,4
1342250633,0,4
1342250632,0,4
1342250631,0,4
1342250618,0,4
1342249254,0,4
1342249253,0,4
1342249246,0,4
1342249245,0,4
1342249241,0,4
1342249240,0,4
1342249234,0,4
1342249233,0,4
1342249232,0,4
1342249231,0,4
1342249230,0,4
1342249229,0,4
1342249116,0,4
1342249115,0,4
1342249114,0,4
1342249113,0,4
1342249096,0,4
1342249095,0,4
1342249089,0,4
1342249088,0,4
1342249087,0,4
1342249086,0,4
1342249085,0,4
1342249084,0,4
1342247289,0,4
1342247288,0,4
1342245151,0,4
1342245150,0,4
1342245149,0,4
1342245148,0,4
1342245147,0,4
1342245146,0,4
1342245145,0,4
1342245142,0,4
1342245141,0,4
1342245140,0,4
1342245139,0,4
1342245138,0,4
1342245137,0,4
1342245136,0,4
1342244854,0,4
1342244853,0,4
1342244852,0,4
1342244851,0,4
1342244850,0,4
1342244849,0,4
1342244848,0,4
1342244847,0,4
1342244836,0,4
1342244835,0,4
1342244834,0,4
1342244833,0,4
1342244832,0,4
1342244831,0,4
1342244171,0,4
1342244170,0,4
1342244169,0,4
1342244168,0,4
1342244167,0,4
1342244166,0,4
1342244191,0,4
1342244190,0,4
1342244189,0,4
1342244188,0,4
1342244187,0,4
1342244186,0,4
1342240314,0,4
1342240279,0,4
1342239281,0,4
1342239280,0,4
1342239279,0,4
1342239278,0,4
1342239277,0,4
1342239276,0,4
1342239264,0,4
1342239263,0,4
1342239052,0,4
1342239051,0,4
1342239050,0,4
1342239049,0,4
1342239048,0,4
1342239047,0,4
1342232058,0,4
1342232057,0,4
1342231861,0,4
1342231860,0,4
1342231859,0,4
1342231858,0,4
1342231852,0,4
1342231851,0,4
1342231362,0,4
1342231361,0,4
1342231360,0,4
1342231359,0,4
1342231342,0,4
1342231341,0,4
1342231340,0,4
1342231339,0,4
1342231338,0,4
1342231337,0,4
1342226996,0,4
1342226995,0,4
1342226624,0,4
1342226623,0,4
1342226622,0,4
1342226621,0,4
1342226620,0,4
1342226619,0,4
1342226655,0,4
1342226654,0,4
1342226653,0,4
1342226652,0,4
1342226651,0,4
1342226650,0,4
1342224991,0,4
1342224990,0,4
1342224989,0,4
1342224960,0,4
1342224959,0,4
1342220651,0,4
1342220650,0,4
1342220617,0,4
1342220616,0,4
1342219980,0,4
1342219979,0,4
1342219953,0,4
1342219952,0,4
1342220536,0,4
1342220535,0,4
1342219815,0,4
1342219814,0,4
1342219813,0,4
1342219812,0,4
1342219631,0,4
1342219630,0,4
1342218697,0,4
1342218696,0,4
1342218695,0,4
1342218694,0,4
1342218693,0,4
1342218692,0,4
1342218647,0,4
1342218646,0,4
1342218645,0,4
1342218644,0,4
1342218643,0,4
1342218642,0,4
1342219000,0,4
1342218999,0,4
1342218998,0,4
1342218997,0,4
1342218996,0,4
1342218995,0,4
1342218968,0,4
1342218967,0,4
1342218966,0,4
1342218965,0,4
1342218964,0,4
1342218963,0,4
1342216020,0,4
1342216019,0,4
1342216014,0,4
1342216013,0,4
1342216012,0,4
1342216011,0,4
1342215985,0,4
1342215984,0,4
1342215983,0,4
1342215982,0,4
1342214764,0,4
1342214763,0,4
1342214762,0,4
1342214761,0,4
1342214714,0,4
1342214713,0,4
1342214578,0,4
1342214577,0,4
1342214576,0,4
1342214575,0,4
1342214511,0,4
1342214510,0,4
1342214505,0,4
1342214504,0,4
1342213209,0,4
1342213208,0,4
1342213183,0,4
1342213182,0,4
1342213181,0,4
1342213180,0,4
1342213179,0,4
1342213178,0,4
1342212300,0,4
1342211616,0,4
1342211615,0,4
1342211308,0,4
1342211307,0,4
1342211293,0,4
1342207055,0,4
1342207054,0,4
1342207053,0,4
1342207052,0,4
1342207031,0,4
1342207030,0,4
1342207029,0,4
1342207028,0,4
1342207027,0,4
1342207026,0,4
1342206696,0,4
1342206695,0,4
1342206694,0,4
1342206693,0,4
1342206692,0,4
1342206680,0,4
1342206679,0,4
1342206678,0,4
1342206677,0,4
1342206676,0,4
1342205079,0,4
1342205078,0,4
1342205077,0,4
1342205076,0,4
1342205075,0,4
1342205074,0,4
1342205094,0,4
1342205093,0,4
1342205057,0,4
1342205056,0,4
1342205048,0,4
1342205047,0,4
1342204861,0,4
1342204860,0,4
1342204859,0,4
1342204858,0,4
1342204857,0,4
1342204856,0,4
1342204855,0,4
1342204854,0,4
1342204848,0,4
1342204847,0,4
1342204846,0,4
1342204845,0,4
1342204844,0,4
1342204843,0,4
1342204842,0,4
1342204841,0,4
1342204424,0,4
1342204423,0,4
1342204422,0,4
1342204421,0,4
1342204420,0,4
1342204419,0,4
1342204369,0,4
1342204368,0,4
1342204367,0,4
1342204366,0,4
1342204365,0,4
1342204364,0,4
1342204363,0,4
1342204362,0,4
1342204105,0,4
1342204104,0,4
1342204103,0,4
1342204102,0,4
1342204101,0,4
1342204100,0,4
1342204099,0,4
1342204098,0,4
1342204095,0,4
1342204094,0,4
1342204093,0,4
1342204092,0,4
1342204091,0,4
1342204090,0,4
1342204089,0,4
1342204088,0,4
1342204059,0,4
1342204058,0,4
1342204057,0,4
1342204056,0,4
1342204055,0,4
1342204054,0,4
1342204053,0,4
1342204052,0,4
1342204049,0,4
1342204048,0,4
1342204047,0,4
1342204046,0,4
1342204045,0,4
1342204044,0,4
1342204043,0,4
1342204042,0,4
1342203294,0,4
1342203293,0,4
1342203292,0,4
1342203291,0,4
1342203290,0,4
1342203289,0,4
1342203288,0,4
1342203287,0,4
1342203283,0,4
1342203282,0,4
1342203281,0,4
1342203280,0,4
1342203279,0,4
1342203278,0,4
1342203088,0,4
1342203087,0,4
1342203086,0,4
1342203085,0,4
1342203084,0,4
1342203083,0,4
1342203082,0,4
1342203081,0,4
1342203071,0,4
1342203070,0,4
1342203069,0,4
1342203068,0,4
1342203067,0,4
1342203066,0,4
1342203065,0,4
1342203064,0,4
1342202254,0,4
1342202253,0,4
1342202252,0,4
1342202251,0,4
1342202250,0,4
1342202090,0,4
1342202089,0,4
1342202088,0,4
1342200124,0,4
1342200123,0,4
1342200115,0,4
1342200114,0,4
1342198862,0,4
1342198861,0,4
1342198593,0,4
1342198592,0,4
1342198247,0,4
1342198246,0,4
1342197306,0,4
1342197305,0,4
1342197281,0,4
1342197280,0,4
1342196918,0,4
1342196917,0,4
1342196658,0,4
1342196657,0,4
1342190655,0,4
1342190654,0,4
1342190653,0,4
1342190652,0,4
1342190618,0,4
1342190617,0,4
1342190616,0,4
1342190615,0,4
1342190614,0,4
1342190327,0,4
1342190326,0,4
1342189881,0,4
1342189880,0,4
1342189879,0,4
1342189878,0,4
1342189844,0,4
1342189843,0,4
1342189694,0,4
1342189693,0,4
1342189664,0,4
1342189663,0,4
1342189110,0,4
1342189109,0,4
1342189084,0,4
1342189083,0,4
1342189082,0,4
1342189081,0,4
1342188684,0,4
1342188683,0,4
1342188680,0,4
1342188679,0,4
1342188655,0,4
1342188654,0,4
1342188653,0,4
1342188652,0,4
1342188089,0,4
1342188088,0,4
1342187332,0,4
1342187331,0,4
1342186278,0,4
1342186277,0,4
1342186276,0,4
1342186275,0,4
1342186236,0,4
1342186235,0,4
1342186234,0,4
1342186233,0,4
1342186122,0,4
1342186121,0,4
1342195682,0,3
1342195681,0,3
1342245911,0,2
1342245910,0,2
1342245908,0,2
1342240317,0,2
1342240316,0,2
1342240278,0,2
1342240276,0,2
1342233343,0,2
1342233312,0,2
1342232727,0,2
1342232726,0,2
1342232059,0,2
1342231857,0,2
1342231856,0,2
1342231855,0,2
1342231854,0,2
1342231850,0,2
1342231849,0,2
1342228354,0,2
1342228450,0,2
1342226997,0,2
1342224142,0,2
1342224139,0,2
1342224138,0,2
1342224033,0,2
1342224030,0,2
1342224029,0,2
1342223269,0,2
1342223268,0,2
1342223267,0,2
1342223266,0,2
1342223265,0,2
1342223219,0,2
1342223218,0,2
1342223217,0,2
1342223216,0,2
1342223215,0,2
1342223214,0,2
1342223213,0,2
1342222677,0,2
1342222676,0,2
1342222626,0,2
1342222625,0,2
1342222131,0,2
1342222130,0,2
1342222113,0,2
1342222112,0,2
1342221922,0,2
1342221921,0,2
1342221905,0,2
1342221904,0,2
1342221475,0,2
1342221474,0,2
1342221465,0,2
1342221464,0,2
1342220880,0,2
1342220879,0,2
1342220878,0,2
1342220833,0,2
1342220832,0,2
1342220649,0,2
1342220648,0,2
1342220618,0,2
1342219978,0,2
1342219951,0,2
1342220534,0,2
1342219811,0,2
1342219629,0,2
1342214712,0,2
1342211318,0,2
1342211317,0,2
1342211292,0,2
1342210947,0,2
1342210946,0,2
1342210932,0,2
1342210931,0,2
1342210918,0,2
1342210917,0,2
1342210903,0,2
1342210902,0,2
1342210568,0,2
1342210567,0,2
1342210559,0,2
1342210558,0,2
1342200122,0,2
1342200121,0,2
1342200113,0,2
1342200112,0,2
1342197308,0,2
1342197307,0,2
1342197283,0,2
1342197282,0,2
1342196886,0,2
1342196885,0,2
1342196656,0,2
1342196626,0,2
1342195743,0,2
1342195729,0,2
1342190325,0,2
1342190324,0,2
1342190313,0,2
1342190312,0,2
1342190311,0,2
1342190310,0,2
1342190255,0,2
1342190254,0,2
1342189846,0,2
1342189845,0,2
1342189692,0,2
1342189691,0,2
1342189662,0,2
1342189661,0,2
1342189108,0,2
1342189031,0,2
1342189004,0,2
1342189003,0,2
1342188682,0,2
1342188681,0,2
1342188651,0,2
1342188650,0,2
1342188097,0,2
1342188096,0,2
1342188090,0,2
1342187650,0,2
1342187649,0,2
1342187648,0,2
1342187647,0,2
1342187646,0,2
1342187713,0,2
1342187712,0,2
1342187711,0,2
1342187171,0,2
1342187170,0,2
1342186294,0,2
1342186123,0,2
1342224141,0,1
1342224032,0,1
1342214509,0,1
1342214508,0,1
1342214507,0,1
1342214506,0,1
1342213207,0,1
1342212434,0,1
1342212433,0,1
1342212408,0,1
1342212407,0,1
1342212379,0,1
1342212378,0,1
1342212358,0,1
1342212357,0,1
1342212302,0,1
1342212301,0,1
1342212285,0,1
1342212284,0,1
1342211617,0,1
1342211606,0,1
1342211605,0,1
1342211604,0,1
1342211416,0,1
1342211415,0,1
1342211398,0,1
1342211397,0,1
1342211319,0,1
1342211309,0,1
1342211294,0,1
1342205092,0,1
1342205055,0,1
1342205054,0,1
1342205050,0,1
1342205049,0,1
1342202244,0,1
1342202243,0,1
1342202225,0,1
1342202224,0,1
1342202217,0,1
1342202216,0,1
1342202203,0,1
1342202202,0,1
1342202087,0,1
1342202086,0,1
1342201140,0,1
1342201139,0,1
1342201125,0,1
1342201124,0,1
1342199777,0,1
1342199776,0,1
1342199759,0,1
1342199758,0,1
1342198863,0,1
1342198591,0,1
1342198590,0,1
1342198566,0,1
1342198565,0,1
1342198187,0,1
1342198186,0,1
1342198148,0,1
1342198147,0,1
1342195728,0,1
1342195713,0,1
1342195712,0,1
1342195708,0,1
1342195707,0,1
1342195684,0,1
1342195683,0,1
1342195669,0,1
1342195668,0,1
1342189080,0,1
1342189079,0,1
1342187266,0,1
1342187265,0,1
1342187189,0,1
1342187188,0,1